SUERTE;ZONA;FINCA;AREA NETA HA;EDAD HOY MESES;Zona Agroecologica;VARIEDAD;USO DE LA SUERTE;FECHA DE SIEMBRA;FECHA DE ULTIMO CORTE;NUMERO DE CORTE;TONELADAS PPTO;TCH PPTO;TONELADAS ESTIMADAS;RESPONSABLE ZONA;TECNICO AGRICOLA RESPONSABLE;FECHA DEL PROXIMO CORTE;EMPRESA;COORDENADAS
2101-010;1; SAN JORGE;2.08;12.71;6H1;CC 09-066;CAÑA;9/07/2024;17/08/2025;2;305;147;264;Carlos Fernando Arias;Jose William Arbeláez;1/09/2026;CAST;3.418979,-76.298099
2101-020;1; SAN JORGE;15.59;4.73;6H1;CC 05-430;CAÑA;26/02/2022;17/04/2026;5;1871;120;1949;Carlos Fernando Arias;Jose William Arbeláez;17/04/2027;CAST;3.425259,-76.305187
2101-021;1; SAN JORGE;15;8.38;11H1;CC 05-430;CAÑA;24/12/2022;27/12/2025;4;1932;129;1829;Carlos Fernando Arias;Jose William Arbeláez;27/12/2026;CAST;0
2101-030;1; SAN JORGE;12.48;8.34;11H1;CC 05-430;CAÑA;16/01/2022;28/12/2025;5;1545;124;1522;Carlos Fernando Arias;Jose William Arbeláez;28/12/2026;CAST;3.423027,-76.300275
2101-031;1; SAN JORGE;9.18;8.57;11H1;CC 09-066;CAÑA;31/12/2022;21/12/2025;4;1182;129;1119;Carlos Fernando Arias;Jose William Arbeláez;21/12/2026;CAST;0
2101-040;1; SAN JORGE;17.82;6.64;11H1;CC 11-0132;CAÑA;15/12/2023;18/02/2026;3;2474;139;1782;Carlos Fernando Arias;Jose William Arbeláez;5/03/2027;CAST;0
2101-050;1; SAN JORGE;15.46;2.27;11H1;CC 11-0132;CAÑA;23/05/2023;1/07/2026;4;1991;129;1488;Carlos Fernando Arias;Jose William Arbeláez;31/07/2027;CAST;3.426077,-76.297831
2101-060;1; SAN JORGE;16.99;8.61;11H0;CC 05-430;CAÑA;6/12/2023;20/12/2025;3;2324;137;2260;Carlos Fernando Arias;Jose William Arbeláez;20/12/2026;CAST;0
2101-070;1; SAN JORGE;9.22;10.15;14H1;CC 05-430;CAÑA;17/10/2020;3/11/2025;6;1123;122;1136;Carlos Fernando Arias;Jose William Arbeláez;3/11/2026;CAST;3.432270,-76.298129
2101-071;1; SAN JORGE;8.63;12.71;30H1;CC 11-0132;CAÑA;14/07/2022;17/08/2025;4;1137;132;1071;Carlos Fernando Arias;Jose William Arbeláez;1/09/2026;CAST;3.433598,-76.300458
2101-080;1; SAN JORGE;13.61;8.57;11H1;CC 05-430;CAÑA;25/03/2023;21/12/2025;4;1862;137;1810;Carlos Fernando Arias;Jose William Arbeláez;21/12/2026;CAST;0
2101-090;1; SAN JORGE;10.91;12.02;11H0;CC 11-0132;CAÑA;10/08/2022;7/09/2025;4;1493;137;1302;Carlos Fernando Arias;Jose William Arbeláez;7/09/2026;CAST;3.436501,-76.298804
2101-100;1; SAN JORGE;7.35;12.02;14H2;CC 09-066;CAÑA;12/08/2022;7/09/2025;4;1006;137;978;Carlos Fernando Arias;Jose William Arbeláez;7/09/2026;CAST;3.436179,-76.295979
2101-102;1; SAN JORGE;5.43;12.71;14H2;CC 11-0132;CAÑA;15/07/2022;17/08/2025;4;743;137;674;Carlos Fernando Arias;Jose William Arbeláez;1/09/2026;CAST;3.434355,-76.296986
2102-010;1; LORENA;1.41;6.21;11H1;CC 11-600;CAÑA;27/03/2018;3/03/2026;9;167;119;155;Carlos Fernando Arias;Jose William Arbeláez;18/03/2027;CAST;3.441475,-76.273278
2102-011;1; LORENA;14.84;5.62;11H1;CC 05-430;CAÑA;24/01/2020;21/03/2026;7;1763;119;1781;Carlos Fernando Arias;Jose William Arbeláez;5/04/2027;CAST;3.437838,-76.275236
2102-012;1; LORENA;11.26;1.12;11H1;CC 09-066;CAÑA;25/04/2021;5/08/2026;6;1371;122;1325;Carlos Fernando Arias;Jose William Arbeláez;5/08/2027;CAST;3.439447,-76.276446
2102-013;1; LORENA;3;6.21;11H1;CC 05-430;CAÑA;5/05/2023;3/03/2026;4;386;129;360;Carlos Fernando Arias;Jose William Arbeláez;18/03/2027;CAST;3.440850,-76.274142
2102-016;1; LORENA;1.5;6.21;11H1;CC 05-430;CAÑA;3/12/2023;3/03/2026;3;201;134;195;Carlos Fernando Arias;Jose William Arbeláez;2/04/2027;CAST;3.441964,-76.274488
2102-020;1; LORENA;25.48;9.95;11H1;CC 05-430;CAÑA;5/10/2019;9/11/2025;7;2968;116;2765;Carlos Fernando Arias;Jose William Arbeláez;9/11/2026;CAST;3.437801,-76.270181
2102-030;1; LORENA;10.77;6.11;11H0;CC 09-066;CAÑA;12/02/2023;6/03/2026;4;1441;134;1400;Carlos Fernando Arias;Jose William Arbeláez;21/03/2027;CAST;3.436017,-76.264992
2102-031;1; LORENA;8.41;8.38;6H1;CC 05-430;CAÑA;1/09/2020;27/12/2025;6;1022;121;913;Carlos Fernando Arias;Jose William Arbeláez;27/12/2026;CAST;3.436298,-76.267508
2104-010;1; CHAMORRAS;19.15;10.55;30H0;CC 09-066;CAÑA;10/09/2021;22/10/2025;5;2524;132;2359;Carlos Fernando Arias;Edwith Zabdiel Arango Rojas;22/10/2026;CAST;3.383985,-76.276481
2104-011;1; CHAMORRAS;9.97;6.54;11H1;CC 09-066;CAÑA;1/02/2021;21/02/2026;6;1234;124;1246;Carlos Fernando Arias;Edwith Zabdiel Arango Rojas;23/05/2027;CAST;3.385450,-76.282672
2104-020;1; CHAMORRAS;23.76;10.61;11H1;CC 05-430;CAÑA;26/09/2021;20/10/2025;5;3132;132;2927;Carlos Fernando Arias;Edwith Zabdiel Arango Rojas;20/10/2026;CAST;3.386999,-76.280852
2104-040;1; CHAMORRAS;8.41;8.87;6H1;CC 05-430;CAÑA;9/12/2021;12/12/2025;5;1108;132;995;Carlos Fernando Arias;Edwith Zabdiel Arango Rojas;12/12/2026;CAST;3.383060,-76.272718
2104-050;1; CHAMORRAS;5.49;9.99;6H1;VARIAS;CAÑA;8/08/2020;8/11/2025;6;669;122;650;Carlos Fernando Arias;Edwith Zabdiel Arango Rojas;8/11/2026;CAST;3.381586,-76.271367
2104-060;1; CHAMORRAS;17.2;10.61;11H1;CC 05-430;CAÑA;17/09/2020;20/10/2025;6;2267;132;2288;Carlos Fernando Arias;Edwith Zabdiel Arango Rojas;20/10/2026;CAST;3.388596,-76.276651
2104-065;1; CHAMORRAS;19.03;12.58;14H1;CC 11-0132;CAÑA;23/07/2022;21/08/2025;4;2508;132;2200;Carlos Fernando Arias;Edwith Zabdiel Arango Rojas;5/09/2026;CAST;3.389911,-76.282159
2104-090;1; CHAMORRAS;8.87;9.07;21H0;CC 05-430;CAÑA;26/02/2018;6/12/2025;9;767;87;962;Carlos Fernando Arias;Edwith Zabdiel Arango Rojas;6/12/2026;CAST;3.387708,-76.273245
2104-091;1; CHAMORRAS;3.9;8.90;21H0;CC 11-0132;CAÑA;17/12/2023;11/12/2025;3;553;142;429;Carlos Fernando Arias;Edwith Zabdiel Arango Rojas;11/12/2026;CAST;0
2104-110;1; CHAMORRAS;5.77;1.94;6H1;CC 05-430;CAÑA;6/07/2025;11/07/2026;2;847;147;793;Carlos Fernando Arias;Edwith Zabdiel Arango Rojas;10/08/2027;CAST;3.382829,-76.262821
2104-120;1; CHAMORRAS;14.06;7.62;6H1;CC 05-430;CAÑA;13/05/2023;19/01/2026;4;1881;134;1881;Carlos Fernando Arias;Edwith Zabdiel Arango Rojas;3/02/2027;CAST;0
2104-130;1; CHAMORRAS;9.23;9.10;6H1;CC 05-430;CAÑA;1/12/2019;5/12/2025;7;1124;122;1092;Carlos Fernando Arias;Edwith Zabdiel Arango Rojas;5/12/2026;CAST;3.392298,-76.271236
2104-131;1; CHAMORRAS;7.56;7.59;6H1;CC 05-430;CAÑA;17/12/2024;20/01/2026;2;1049;139;1049;Carlos Fernando Arias;Edwith Zabdiel Arango Rojas;19/02/2027;CAST;3.392476,-76.272672
2104-140;1; CHAMORRAS;17.39;4.30;30H1;VARIAS;CAÑA;30/04/2026;18/02/2026;1;1892;109;1739;Carlos Fernando Arias;Edwith Zabdiel Arango Rojas;30/07/2027;CAST;3.390008,-76.269901
2104-150;1; CHAMORRAS;5.23;6.67;11H1;CC 11-0132;CAÑA;29/03/2023;17/02/2026;4;674;129;575;Carlos Fernando Arias;Edwith Zabdiel Arango Rojas;19/03/2027;CAST;3.393384,-76.273825
2104-180;1; CHAMORRAS;5.12;9.00;15H1;CC 05-430;CAÑA;18/12/2021;8/12/2025;5;700;137;681;Carlos Fernando Arias;Edwith Zabdiel Arango Rojas;8/12/2026;CAST;3.398140,-76.275369
2104-190;1; CHAMORRAS;2.32;2.53;15H1;CC 97-7170;CAÑA;9/06/2016;23/06/2026;11;276;119;278;Carlos Fernando Arias;Edwith Zabdiel Arango Rojas;8/07/2027;CAST;3.395884,-76.272858
2104-191;1; CHAMORRAS;6.69;2.53;15H1;CC 11-0132;CAÑA;6/05/2023;23/06/2026;4;828;124;803;Carlos Fernando Arias;Edwith Zabdiel Arango Rojas;8/07/2027;CAST;3.396936,-76.273890
2104-192;1; CHAMORRAS;2.89;7.59;15H1;CC 09-066;CAÑA;8/12/2024;20/01/2026;2;424;147;424;Carlos Fernando Arias;Edwith Zabdiel Arango Rojas;19/02/2027;CAST;3.397818,-76.272342
2104-200;1; CHAMORRAS;6.99;9.10;11H1;CC 05-430;CAÑA;11/01/2022;5/12/2025;5;900;129;895;Carlos Fernando Arias;Edwith Zabdiel Arango Rojas;5/12/2026;CAST;3.396819,-76.271222
2104-201;1; CHAMORRAS;8.09;0.33;11H1;CC 09-066;CAÑA;7/07/2020;29/08/2026;7;1066;132;1005;Carlos Fernando Arias;Edwith Zabdiel Arango Rojas;29/08/2027;CAST;3.396682,-76.269630
2104-203;1; CHAMORRAS;5.09;8.77;11H1;CC 05-430;CAÑA;15/12/2020;15/12/2025;6;645;127;627;Carlos Fernando Arias;Edwith Zabdiel Arango Rojas;15/12/2026;CAST;3.396742,-76.268153
2104-204;1; CHAMORRAS;8.82;9.00;11H1;CC 05-430;CAÑA;21/11/2019;8/12/2025;7;1116;126;1043;Carlos Fernando Arias;Edwith Zabdiel Arango Rojas;8/12/2026;CAST;3.396877,-76.266354
2104-250;1; CHAMORRAS;7.3;10.32;11H1;CC 05-430;CAÑA;22/08/2019;29/10/2025;7;1108;152;792;Carlos Fernando Arias;Edwith Zabdiel Arango Rojas;29/10/2026;CAST;3.397068,-76.263947
2104-251;1; CHAMORRAS;3.47;10.32;11H1;CC 05-430;CAÑA;19/01/2022;29/10/2025;5;423;122;411;Carlos Fernando Arias;Edwith Zabdiel Arango Rojas;29/10/2026;CAST;3.397279,-76.262113
2104-252;1; CHAMORRAS;2.83;9.66;11H1;CC 05-430;CAÑA;22/09/2021;18/11/2025;6;344;121;307;Carlos Fernando Arias;Edwith Zabdiel Arango Rojas;18/11/2026;CAST;3.397196,-76.260820
2104-253;1; CHAMORRAS;1.02;9.59;11H1;CC 05-430;CAÑA;22/09/2021;20/11/2025;6;124;121;126;Carlos Fernando Arias;Edwith Zabdiel Arango Rojas;20/11/2026;CAST;3.398353,-76.260710
2104-260;1; CHAMORRAS;14.35;5.78;6H1;VARIAS;CAÑA;16/02/2023;16/03/2026;4;1772;123;1866;Carlos Fernando Arias;Edwith Zabdiel Arango Rojas;10/03/2027;CAST;3.407729,-76.276990
2104-270;1; CHAMORRAS;15.88;2.50;11H0;CC 11-0132;CAÑA;16/05/2020;24/06/2026;7;1966;124;1866;Carlos Fernando Arias;Edwith Zabdiel Arango Rojas;24/07/2027;CAST;3.407357,-76.273767
2104-271;1; CHAMORRAS;12.53;2.27;11H0;CC 09-066;CAÑA;16/05/2020;1/07/2026;7;1651;132;1611;Carlos Fernando Arias;Edwith Zabdiel Arango Rojas;16/07/2027;CAST;3.402543,-76.274626
2104-272;1; CHAMORRAS;9.49;0.79;11H0;VARIAS;CAÑA;15/08/2026;24/06/2026;1;1175;124;1115;Carlos Fernando Arias;Edwith Zabdiel Arango Rojas;14/09/2027;CAST;3.403709,-76.276111
2104-280;1; CHAMORRAS;16.69;2.50;11H0;CC 11-0132;CAÑA;10/07/2022;24/06/2026;5;2150;129;2045;Carlos Fernando Arias;Edwith Zabdiel Arango Rojas;24/07/2027;CAST;3.403991,-76.270488
2104-281;1; CHAMORRAS;20.59;0.33;11H0;VARIAS;CAÑA;11/07/2020;29/08/2026;7;2714;132;2658;Carlos Fernando Arias;Edwith Zabdiel Arango Rojas;29/08/2027;CAST;3.404380,-76.272033
2104-290;1; CHAMORRAS;13.8;9.13;21H0;CC 05-430;CAÑA;23/12/2021;4/12/2025;5;1819;132;1768;Carlos Fernando Arias;Edwith Zabdiel Arango Rojas;4/12/2026;CAST;3.403250,-76.269020
2104-292;1; CHAMORRAS;5.5;9.69;21H0;CC 09-066;CAÑA;1/11/2020;17/11/2025;6;725;132;651;Carlos Fernando Arias;Edwith Zabdiel Arango Rojas;17/11/2026;CAST;3.406640,-76.267798
2104-296;1; CHAMORRAS;17;4.01;11H0;VARIAS;CAÑA;9/05/2026;19/03/2026;1;2105;124;2040;Carlos Fernando Arias;Edwith Zabdiel Arango Rojas;8/06/2027;CAST;3.403416,-76.267091
2104-300;1; CHAMORRAS;25.22;9.00;11H1;CC 05-430;CAÑA;31/12/2022;8/12/2025;4;3576;142;3107;Carlos Fernando Arias;Edwith Zabdiel Arango Rojas;8/12/2026;CAST;0
2104-302;1; CHAMORRAS;1.45;9.53;11H1;VARIAS;SEMILLA;22/11/2025;29/10/2025;1;220;152;186;Carlos Fernando Arias;Edwith Zabdiel Arango Rojas;22/09/2026;CAST;3.404507,-76.262878
2104-310;1; CHAMORRAS;11.54;9.00;21H0;CC 09-066;CAÑA;1/12/2020;8/12/2025;6;1407;122;1422;Carlos Fernando Arias;Edwith Zabdiel Arango Rojas;8/12/2026;CAST;3.401455,-76.259755
2104-311;1; CHAMORRAS;10.06;9.95;11H1;CC 11-0132;CAÑA;27/09/2023;9/11/2025;3;1376;137;1153;Carlos Fernando Arias;Edwith Zabdiel Arango Rojas;9/11/2026;CAST;0
2104-312;1; CHAMORRAS;6.91;7.59;11H1;CC 05-430;CAÑA;14/01/2022;20/01/2026;5;925;134;925;Carlos Fernando Arias;Edwith Zabdiel Arango Rojas;20/01/2027;CAST;3.403635,-76.261310
2104-324;1; CHAMORRAS;5.95;7.92;11H1;CC 09-066;CAÑA;10/01/2026;18/11/2025;1;784;132;784;Carlos Fernando Arias;Edwith Zabdiel Arango Rojas;25/01/2027;CAST;3.398658,-76.257466
2104-330;1; CHAMORRAS;2.82;10.02;11H1;CC 09-535;CAÑA;2/09/2021;7/11/2025;5;372;132;334;Carlos Fernando Arias;Edwith Zabdiel Arango Rojas;7/11/2026;CAST;3.398143,-76.254495
2104-331;1; CHAMORRAS;8.88;9.66;11H1;CC 05-430;CAÑA;30/11/2023;18/11/2025;3;1215;137;1094;Carlos Fernando Arias;Edwith Zabdiel Arango Rojas;18/11/2026;CAST;0
2104-332;1; CHAMORRAS;1.22;10.02;11H1;CC 05-430;CAÑA;27/09/2023;7/11/2025;3;167;137;138;Carlos Fernando Arias;Edwith Zabdiel Arango Rojas;7/11/2026;CAST;3.399020,-76.255408
2104-333;1; CHAMORRAS;1.21;10.48;11H1;VARIAS;CAÑA;7/08/2020;24/10/2025;6;172;142;96;Carlos Fernando Arias;Edwith Zabdiel Arango Rojas;24/10/2026;CAST;3.399028,-76.253992
2104-334;1; CHAMORRAS;4.24;10.18;11H1;CC 05-230;CAÑA;21/10/2020;2/11/2025;6;622;147;460;Carlos Fernando Arias;Edwith Zabdiel Arango Rojas;2/11/2026;CAST;3.396226,-76.257020
2104-403;1; CHAMORRAS;6.32;8.77;11H1;CC 09-066;CAÑA;10/12/2024;15/12/2025;2;928;147;841;Carlos Fernando Arias;Edwith Zabdiel Arango Rojas;15/12/2026;CAST;3.400873,-76.257406
2104-404;1; CHAMORRAS;8.46;8.74;11H1;CC 09-066;CAÑA;1/02/2021;16/12/2025;6;1047;124;1042;Carlos Fernando Arias;Edwith Zabdiel Arango Rojas;16/12/2026;CAST;3.403218,-76.257167
2104-433;1; CHAMORRAS;4.23;10.48;11H1;CC 09-066;CAÑA;1/09/2021;24/10/2025;5;558;132;521;Carlos Fernando Arias;Edwith Zabdiel Arango Rojas;24/10/2026;CAST;3.400066,-76.253184
2104-434;1; CHAMORRAS;3.91;0.72;11H1;CC 05-430;CAÑA;23/07/2020;17/08/2026;7;515;132;435;Carlos Fernando Arias;Edwith Zabdiel Arango Rojas;17/08/2027;CAST;3.403059,-76.252290
2104-435;1; CHAMORRAS;5.65;11.93;11H1;CC 15-2259;SEMILLA;10/09/2025;11/08/2025;1;804;142;804;Carlos Fernando Arias;Edwith Zabdiel Arango Rojas;10/09/2026;CAST;3.404003,-76.253228
2104-436;1; CHAMORRAS;2.61;10.48;11H1;CC 09-535;CAÑA;1/09/2021;24/10/2025;5;318;122;322;Carlos Fernando Arias;Edwith Zabdiel Arango Rojas;24/10/2026;CAST;3.400353,-76.255250
2104-440;1; CHAMORRAS;8.32;6.51;6H1;CC 05-430;CAÑA;10/01/2022;22/02/2026;5;1030;124;1040;Carlos Fernando Arias;Edwith Zabdiel Arango Rojas;9/03/2027;CAST;3.386004,-76.257283
2105-010;1; SAN RAFAEL;6.13;12.45;11H1;CC 09-066;CAÑA;11/07/2022;25/08/2025;4;839;137;761;Carlos Fernando Arias;Jose William Arbeláez;9/09/2026;CAST;3.378194,-76.312320
2105-012;1; SAN RAFAEL;6.62;12.45;11H1;CC 05-430;CAÑA;18/07/2022;25/08/2025;4;906;137;855;Carlos Fernando Arias;Jose William Arbeláez;9/09/2026;CAST;3.379742,-76.316838
2105-013;1; SAN RAFAEL;3.42;10.48;11H1;VARIAS;CAÑA;24/07/2020;24/10/2025;6;433;126;405;Carlos Fernando Arias;Jose William Arbeláez;24/10/2026;CAST;3.379413,-76.314186
2105-030;1; SAN RAFAEL;18.94;11.33;11H1;VARIAS;CAÑA;31/07/2019;28/09/2025;7;2396;126;2241;Carlos Fernando Arias;Jose William Arbeláez;28/09/2026;CAST;3.376036,-76.310048
2105-031;1; SAN RAFAEL;7.92;11.30;11H1;CC 11-0132;CAÑA;22/08/2024;29/09/2025;2;1163;147;870;Carlos Fernando Arias;Jose William Arbeláez;29/09/2026;CAST;3.375156,-76.309780
2105-036;1; SAN RAFAEL;7.38;2.27;11H0;CC 11-0132;CAÑA;11/05/2023;1/07/2026;4;988;134;742;Carlos Fernando Arias;Jose William Arbeláez;15/08/2027;CAST;3.374683,-76.307346
2105-037;1; SAN RAFAEL;6.39;12.39;11H1;CC 09-066;CAÑA;26/07/2024;27/08/2025;2;938;147;825;Carlos Fernando Arias;Jose William Arbeláez;11/09/2026;CAST;3.374465,-76.306005
2105-050;1; SAN RAFAEL;11.29;11.20;30H0;CC 05-430;CAÑA;3/07/2019;2/10/2025;7;1499;133;1446;Carlos Fernando Arias;Jose William Arbeláez;2/10/2026;CAST;3.372684,-76.305041
2105-053;1; SAN RAFAEL;7.7;9.00;30H0;CC 05-430;CAÑA;3/07/2019;8/12/2025;8;1134;147;873;Carlos Fernando Arias;Jose William Arbeláez;8/12/2026;CAST;3.374357,-76.304434
2105-060;1; SAN RAFAEL;6.33;7.16;30H0;CC 09-066;CAÑA;18/12/2020;2/02/2026;6;784;124;823;Carlos Fernando Arias;Jose William Arbeláez;17/02/2027;CAST;3.371668,-76.303372
2105-065;1; SAN RAFAEL;20.62;12.48;11H1;CC 09-066;CAÑA;29/07/2022;24/08/2025;4;2821;137;2662;Carlos Fernando Arias;Jose William Arbeláez;8/09/2026;CAST;3.370830,-76.300166
2105-066;1; SAN RAFAEL;11.88;5.72;30H0;CC 05-430;CAÑA;29/03/2022;18/03/2026;5;1467;123;1426;Carlos Fernando Arias;Jose William Arbeláez;12/03/2027;CAST;3.372954,-76.301433
2105-071;1; SAN RAFAEL;4.59;9.07;11H1;CC 01-1940;CAÑA;24/01/2014;6/12/2025;14;653;142;498;Carlos Fernando Arias;Jose William Arbeláez;6/12/2026;CAST;3.380039,-76.311390
2105-074;1; SAN RAFAEL;19.71;8.84;11H3;CC 09-066;CAÑA;28/11/2024;13/12/2025;2;2795;142;2622;Carlos Fernando Arias;Jose William Arbeláez;13/12/2026;CAST;3.382148,-76.312894
2105-080;1; SAN RAFAEL;4.73;9.95;11H0;CC 05-430;CAÑA;3/01/2019;9/11/2025;8;600;127;583;Carlos Fernando Arias;Jose William Arbeláez;9/11/2026;CAST;3.379173,-76.309128
2105-081;1; SAN RAFAEL;14.4;9.99;11H3;CC 05-430;CAÑA;5/01/2019;8/11/2025;8;1822;126;1633;Carlos Fernando Arias;Jose William Arbeláez;8/11/2026;CAST;3.380552,-76.307283
2105-082;1; SAN RAFAEL;3.02;10.09;11H3;CC 05-430;CAÑA;3/01/2019;5/11/2025;8;383;127;372;Carlos Fernando Arias;Jose William Arbeláez;5/11/2026;CAST;3.379305,-76.303992
2105-083;1; SAN RAFAEL;9.18;0.30;11H0;CC 05-430;CAÑA;21/12/2018;30/08/2026;9;1210;132;1185;Carlos Fernando Arias;Jose William Arbeláez;14/09/2027;CAST;3.377918,-76.305824
2105-090;1; SAN RAFAEL;12.84;12.39;11H1;CC 11-0132;CAÑA;30/06/2023;27/08/2025;3;1821;142;1545;Carlos Fernando Arias;Jose William Arbeláez;11/09/2026;CAST;3.377589,-76.302167
2105-091;1; SAN RAFAEL;10.66;12.39;11H1;CC 05-430;CAÑA;13/07/2023;27/08/2025;3;1512;142;1376;Carlos Fernando Arias;Jose William Arbeláez;11/09/2026;CAST;3.380997,-76.301849
2105-100;1; SAN RAFAEL;10.85;8.90;11H0;CC 05-430;CAÑA;3/12/2023;11/12/2025;3;1484;137;1443;Carlos Fernando Arias;Jose William Arbeláez;11/12/2026;CAST;3.379830,-76.296918
2105-102;1; SAN RAFAEL;16.22;7.00;11H0;CC 11-0132;CAÑA;29/12/2023;7/02/2026;3;2252;139;1946;Carlos Fernando Arias;Jose William Arbeláez;22/02/2027;CAST;3.375887,-76.297681
2105-104;1; SAN RAFAEL;11.76;8.94;11H0;CC 05-430;CAÑA;8/12/2023;10/12/2025;3;1550;132;1391;Carlos Fernando Arias;Jose William Arbeláez;10/12/2026;CAST;3.380854,-76.299244
2105-105;1; SAN RAFAEL;5.55;7.10;11H0;CC 05-430;CAÑA;12/01/2024;4/02/2026;3;743;134;722;Carlos Fernando Arias;Jose William Arbeláez;6/03/2027;CAST;3.376942,-76.300220
2105-120;1; SAN RAFAEL;9.58;10.09;11H1;CC 05-430;CAÑA;27/09/2021;5/11/2025;5;1263;132;1086;Carlos Fernando Arias;Jose William Arbeláez;5/11/2026;CAST;3.381994,-76.305422
2105-150;1; SAN RAFAEL;15.72;7.56;11H1;CC 05-430;CAÑA;8/01/2020;21/01/2026;7;1914;122;1945;Carlos Fernando Arias;Jose William Arbeláez;5/02/2027;CAST;3.385182,-76.301114
2105-160;1; SAN RAFAEL;2.2;9.92;6H1;VARIAS;CAÑA;31/08/2022;10/11/2025;4;279;127;250;Carlos Fernando Arias;Jose William Arbeláez;10/11/2026;CAST;3.383576,-76.298759
2105-162;1; SAN RAFAEL;10.47;2.53;6H1;CC 05-430;CAÑA;23/06/2026;21/02/2026;1;1244;119;1047;Carlos Fernando Arias;Jose William Arbeláez;8/07/2027;CAST;3.383772,-76.296538
2105-164;1; SAN RAFAEL;7;9.95;6H1;VARIAS;CAÑA;10/11/2020;9/11/2025;6;1028;147;828;Carlos Fernando Arias;Jose William Arbeláez;9/11/2026;CAST;3.385316,-76.298777
2105-170;1; SAN RAFAEL;15.66;2.50;30H1;CC 09-066;CAÑA;15/06/2025;24/06/2026;2;1194;76;2075;Carlos Fernando Arias;Jose William Arbeláez;24/07/2027;CAST;3.389695,-76.301321
2105-180;1; SAN RAFAEL;2.55;2.23;15H1;VARIAS;CAÑA;3/05/2024;2/07/2026;3;316;124;248;Carlos Fernando Arias;Jose William Arbeláez;16/08/2027;CAST;3.388467,-76.295441
2105-181;1; SAN RAFAEL;13.86;1.68;15H1;CC 11-0132;CAÑA;10/07/2025;19/07/2026;2;2104;152;1837;Carlos Fernando Arias;Jose William Arbeláez;3/08/2027;CAST;3.388654,-76.298053
2105-185;1; SAN RAFAEL;5.31;0.72;15H1;VARIAS;CAÑA;2/05/2024;17/08/2026;3;726;137;683;Carlos Fernando Arias;Jose William Arbeláez;16/09/2027;CAST;3.386719,-76.296230
2105-190;1; SAN RAFAEL;17.33;2.27;11H1;CC 11-0132;CAÑA;10/04/2024;1/07/2026;3;2319;134;1838;Carlos Fernando Arias;Jose William Arbeláez;15/08/2027;CAST;3.396107,-76.300084
2105-192;1; SAN RAFAEL;6.18;1.25;11H1;CC 09-066;CAÑA;16/07/2022;1/08/2026;5;876;142;747;Carlos Fernando Arias;Jose William Arbeláez;1/08/2027;CAST;3.397431,-76.301850
2105-193;1; SAN RAFAEL;7.86;1.18;11H1;CC 11-0132;CAÑA;14/07/2022;3/08/2026;5;1075;137;875;Carlos Fernando Arias;Jose William Arbeláez;3/08/2027;CAST;3.393993,-76.302577
2105-200;1; SAN RAFAEL;4.45;2.27;11H1;CC 11-0132;CAÑA;18/03/2024;1/07/2026;3;618;139;374;Carlos Fernando Arias;Jose William Arbeláez;15/08/2027;CAST;3.395364,-76.297193
2105-201;1; SAN RAFAEL;8.72;2.27;11H1;CC 11-0132;CAÑA;28/04/2023;1/07/2026;4;1123;129;799;Carlos Fernando Arias;Jose William Arbeláez;15/08/2027;CAST;3.393341,-76.296205
2105-202;1; SAN RAFAEL;9.06;0.69;11H1;CC 09-535;CAÑA;18/08/2021;18/08/2026;6;1149;127;1040;Carlos Fernando Arias;Jose William Arbeláez;18/08/2027;CAST;3.392909,-76.295053
2105-203;1; SAN RAFAEL;13.09;10.18;11H1;CC 09-066;CAÑA;11/10/2024;2/11/2025;2;1922;147;1613;Carlos Fernando Arias;Jose William Arbeláez;2/11/2026;CAST;3.394324,-76.298187
2105-210;1; SAN RAFAEL;6.97;1.28;15H1;CC 05-231;CAÑA;24/07/2021;31/07/2026;6;849;122;826;Carlos Fernando Arias;Jose William Arbeláez;31/07/2027;CAST;3.392154,-76.293109
2105-211;1; SAN RAFAEL;12.89;12.25;15H1;CC 09-066;CAÑA;19/07/2024;31/08/2025;2;1892;147;1727;Carlos Fernando Arias;Jose William Arbeláez;15/09/2026;CAST;3.391586,-76.291781
2105-215;1; SAN RAFAEL;6.54;1.31;15H1;CC 05-430;CAÑA;27/06/2019;30/07/2026;8;895;137;873;Carlos Fernando Arias;Jose William Arbeláez;30/07/2027;CAST;3.392571,-76.293993
2105-250;1; SAN RAFAEL;5.85;0.30;15H1;CC 05-430;CAÑA;29/10/2018;30/08/2026;9;740;126;749;Carlos Fernando Arias;Jose William Arbeláez;30/08/2027;CAST;3.399750,-76.300234
2105-251;1; SAN RAFAEL;4.74;10.09;15H1;CC 05-430;CAÑA;29/10/2018;5/11/2025;8;600;126;607;Carlos Fernando Arias;Jose William Arbeláez;5/11/2026;CAST;3.398401,-76.295690
2105-260;1; SAN RAFAEL;4.89;9.49;11H1;CC 93-3826;SEMILLA;23/11/2025;23/10/2025;1;742;152;626;Carlos Fernando Arias;Jose William Arbeláez;23/09/2026;CAST;3.401360,-76.295986
2105-261;1; SAN RAFAEL;19.2;6.57;15H1;CC 05-430;CAÑA;17/02/2021;20/02/2026;6;2473;129;2496;Carlos Fernando Arias;Jose William Arbeláez;7/03/2027;CAST;3.397975,-76.294545
2105-262;1; SAN RAFAEL;4.79;10.22;11H1;CC 09-066;CAÑA;5/11/2020;1/11/2025;6;607;127;590;Carlos Fernando Arias;Jose William Arbeláez;1/11/2026;CAST;3.400500,-76.294893
2105-264;1; SAN RAFAEL;3.31;10.51;15H1;CC 05-430;CAÑA;30/12/2021;23/10/2025;5;436;132;456;Carlos Fernando Arias;Jose William Arbeláez;23/10/2026;CAST;3.401518,-76.294796
2105-265;1; SAN RAFAEL;2.48;10.51;15H1;CC 05-430;CAÑA;30/12/2021;23/10/2025;5;314;127;318;Carlos Fernando Arias;Jose William Arbeláez;23/10/2026;CAST;3.397178,-76.292820
2105-270;1; SAN RAFAEL;9.47;10.32;15H1;CC 05-430;CAÑA;20/11/2020;29/10/2025;6;1201;127;1260;Carlos Fernando Arias;Jose William Arbeláez;29/10/2026;CAST;3.401575,-76.292955
2105-271;1; SAN RAFAEL;2.64;10.48;11H1;CC 09-066;CAÑA;29/12/2021;24/10/2025;5;348;132;351;Carlos Fernando Arias;Jose William Arbeláez;24/10/2026;CAST;3.399854,-76.292869
2105-273;1; SAN RAFAEL;3;1.31;11H0;CC 09-066;CAÑA;15/07/2025;30/07/2026;2;455;152;458;Carlos Fernando Arias;Jose William Arbeláez;30/07/2027;CAST;3.392714,-76.260207
2107-010;1; EL LIBANO;10.51;2.27;30H1;CC 05-430;CAÑA;7/05/2023;1/07/2026;4;1301;124;1131;Carlos Fernando Arias;Edwith Zabdiel Arango Rojas;15/08/2027;CAST;3.392895,-76.252458
2107-020;1; EL LIBANO;10.36;0.85;11H1;CC 05-430;CAÑA;10/07/2022;13/08/2026;5;1365;132;1003;Carlos Fernando Arias;Edwith Zabdiel Arango Rojas;13/08/2027;CAST;3.392927,-76.257489
2107-021;1; EL LIBANO;2.98;0.89;11H1;CC 05-430;CAÑA;1/11/2020;12/08/2026;7;378;127;395;Carlos Fernando Arias;Edwith Zabdiel Arango Rojas;12/08/2027;CAST;3.390995,-76.257874
2107-022;1; EL LIBANO;3.33;0.85;11H1;CC 05-430;CAÑA;17/12/2021;13/08/2026;6;422;127;355;Carlos Fernando Arias;Edwith Zabdiel Arango Rojas;13/08/2027;CAST;3.391177,-76.256369
2107-026;1; EL LIBANO;2.34;6.70;11H1;CC 05-430;CAÑA;17/12/2021;16/02/2026;5;290;124;304;Carlos Fernando Arias;Edwith Zabdiel Arango Rojas;2/04/2027;CAST;3.392735,-76.253850
2107-029;1; EL LIBANO;1.72;0.89;11H1;CC 11-595;CAÑA;23/08/2022;12/08/2026;5;201;117;202;Carlos Fernando Arias;Edwith Zabdiel Arango Rojas;12/08/2027;CAST;3.395969,-76.259890
2107-030;1; EL LIBANO;17.8;10.28;11H1;VARIAS;CAÑA;27/09/2020;30/10/2025;6;2257;127;2019;Carlos Fernando Arias;Edwith Zabdiel Arango Rojas;30/10/2026;CAST;3.394341,-76.255746
2107-040;1; EL LIBANO;8.29;10.18;11H1;CC 12-2120;CAÑA;9/02/2023;2/11/2025;4;1010;122;940;Carlos Fernando Arias;Edwith Zabdiel Arango Rojas;2/11/2026;CAST;3.353834,-76.379607
2108-010;1; BUCHITOLO;16.84;8.44;11H1;CC 05-430;CAÑA;18/11/2020;25/12/2025;6;1457;87;2075;Carlos Fernando Arias;Edwin Villacorte;25/12/2026;CAST;3.350663,-76.377074
2108-020;1; BUCHITOLO;14.24;8.48;11H1;CC 09-066;CAÑA;1/12/2020;24/12/2025;6;1692;119;1685;Carlos Fernando Arias;Edwin Villacorte;24/12/2026;CAST;3.358650,-76.377897
2108-030;1; BUCHITOLO;19.9;8.34;11H1;CC 05-430;CAÑA;20/01/2022;28/12/2025;5;2464;124;2354;Carlos Fernando Arias;Edwin Villacorte;28/12/2026;CAST;3.355865,-76.376282
2108-040;1; BUCHITOLO;19.36;6.11;11H1;CC 11-0132;CAÑA;7/03/2023;6/03/2026;4;2494;129;2323;Carlos Fernando Arias;Edwin Villacorte;21/03/2027;CAST;3.352712,-76.376257
2108-050;1; BUCHITOLO;1.41;9.49;11H1;CC 00-3771;CAÑA;20/05/2019;23/11/2025;7;214;152;167;Carlos Fernando Arias;Edwin Villacorte;23/11/2026;CAST;3.352345,-76.374201
2108-051;1; BUCHITOLO;6.86;9.13;1H1;CC 09-066;CAÑA;1/12/2024;4/12/2025;2;1007;147;879;Carlos Fernando Arias;Edwin Villacorte;4/12/2026;CAST;3.354181,-76.373685
2108-056;1; BUCHITOLO;11.79;6.08;1H1;CC 05-430;CAÑA;10/02/2023;7/03/2026;4;1519;129;1533;Carlos Fernando Arias;Edwin Villacorte;22/03/2027;CAST;3.361662,-76.374289
2108-060;1; BUCHITOLO;9.3;2.04;11H1;CC 05-430;CAÑA;28/05/2019;8/07/2026;8;1105;119;1239;Carlos Fernando Arias;Edwin Villacorte;22/08/2027;CAST;3.365090,-76.370299
2108-061;1; BUCHITOLO;5.85;9.49;11H1;CC 11-0132;CAÑA;14/10/2023;23/11/2025;3;830;142;671;Carlos Fernando Arias;Edwin Villacorte;23/11/2026;CAST;3.364687,-76.371961
2108-063;1; BUCHITOLO;1.69;7.03;11H1;CC 11-0132;CAÑA;21/12/2023;6/02/2026;3;235;139;211;Carlos Fernando Arias;Edwin Villacorte;23/03/2027;CAST;3.360886,-76.375199
2108-065;1; BUCHITOLO;1.77;8.41;11H1;CC 09-535;CAÑA;28/05/2019;26/12/2025;8;210;119;209;Carlos Fernando Arias;Edwin Villacorte;26/12/2026;CAST;3.363628,-76.372030
2108-066;1; BUCHITOLO;7.11;9.07;11H1;CC 05-430;CAÑA;30/11/2024;6/12/2025;2;1008;142;911;Carlos Fernando Arias;Edwin Villacorte;6/12/2026;CAST;3.362152,-76.373713
2108-067;1; BUCHITOLO;2.78;8.41;11H1;CC 09-066;CAÑA;28/05/2019;26/12/2025;8;330;119;315;Carlos Fernando Arias;Edwin Villacorte;26/12/2026;CAST;3.360583,-76.370772
2108-070;1; BUCHITOLO;28.72;10.55;11H1;CC 09-066;CAÑA;30/09/2024;22/10/2025;2;4216;147;3820;Carlos Fernando Arias;Edwin Villacorte;22/10/2026;CAST;3.358857,-76.366732
2108-080;1; BUCHITOLO;7.32;10.74;1H1;CC 11-0132;CAÑA;16/08/2023;16/10/2025;3;1038;142;770;Carlos Fernando Arias;Edwin Villacorte;16/10/2026;CAST;3.356256,-76.371572
2108-081;1; BUCHITOLO;3.49;10.84;1H1;CC 05-430;CAÑA;11/09/2021;13/10/2025;5;477;137;413;Carlos Fernando Arias;Edwin Villacorte;13/10/2026;CAST;3.360076,-76.367754
2108-082;1; BUCHITOLO;7.6;10.64;1H1;CC 05-430;CAÑA;11/09/2021;19/10/2025;5;1040;137;899;Carlos Fernando Arias;Edwin Villacorte;19/10/2026;CAST;3.357297,-76.369366
2108-083;1; BUCHITOLO;8.45;10.84;1H1;CC 05-430;CAÑA;27/08/2023;13/10/2025;3;1198;142;1000;Carlos Fernando Arias;Edwin Villacorte;13/10/2026;CAST;3.366878,-76.366976
2108-090;1; BUCHITOLO;10.21;10.78;11H1;CC 09-066;CAÑA;27/08/2023;15/10/2025;3;1448;142;1258;Carlos Fernando Arias;Edwin Villacorte;15/10/2026;CAST;3.368070,-76.367963
2108-091;1; BUCHITOLO;10.12;2.20;11H1;CC 05-430;CAÑA;12/09/2021;3/07/2026;6;1303;129;1466;Carlos Fernando Arias;Edwin Villacorte;17/08/2027;CAST;3.364796,-76.364658
2108-100;1; BUCHITOLO;9.88;8.34;11H1;CC 09-066;CAÑA;13/01/2022;28/12/2025;5;1223;124;1169;Carlos Fernando Arias;Edwin Villacorte;28/12/2026;CAST;3.365677,-76.365990
2108-101;1; BUCHITOLO;9.73;8.38;11H1;CC 11-0132;CAÑA;24/01/2024;27/12/2025;3;1302;134;1069;Carlos Fernando Arias;Edwin Villacorte;27/12/2026;CAST;3.363166,-76.363577
2108-110;1; BUCHITOLO;14.62;6.41;11H1;CC 11-0132;CAÑA;20/02/2021;25/02/2026;6;1810;124;1754;Carlos Fernando Arias;Edwin Villacorte;12/03/2027;CAST;3.365460,-76.361353
2108-111;1; BUCHITOLO;2.39;9.49;11H1;CC 11-0132;CAÑA;20/02/2021;23/11/2025;6;303;127;274;Carlos Fernando Arias;Edwin Villacorte;23/11/2026;CAST;3.366437,-76.360484
2108-114;1; BUCHITOLO;2.96;9.10;11H1;CC 11-0132;CAÑA;3/12/2024;5/12/2025;2;420;142;367;Carlos Fernando Arias;Edwin Villacorte;5/12/2026;CAST;3.371119,-76.364260
2108-120;1; BUCHITOLO;4.74;3.84;18H1;CC 09-066;CAÑA;28/04/2025;14/05/2026;2;640;135;616;Carlos Fernando Arias;Edwin Villacorte;29/05/2027;CAST;3.369537,-76.364540
2108-122;1; BUCHITOLO;4.27;10.74;18H1;CC 05-430;CAÑA;18/11/2020;16/10/2025;6;563;132;547;Carlos Fernando Arias;Edwin Villacorte;16/10/2026;CAST;3.367840,-76.362486
2108-130;1; BUCHITOLO;8.52;6.31;18H1;CC 11-0132;CAÑA;2/03/2024;28/02/2026;3;1055;124;1022;Carlos Fernando Arias;Edwin Villacorte;15/03/2027;CAST;3.369927,-76.361036
2108-140;1; BUCHITOLO;13.05;8.44;18H1;CC 05-430;CAÑA;5/12/2020;25/12/2025;6;1526;117;1480;Carlos Fernando Arias;Edwin Villacorte;25/12/2026;CAST;3.370023,-76.357687
2108-141;1; BUCHITOLO;4.09;9.49;11H1;CC 05-430;CAÑA;14/10/2020;23/11/2025;6;519;127;484;Carlos Fernando Arias;Edwin Villacorte;23/11/2026;CAST;3.371674,-76.359682
2108-145;1; BUCHITOLO;1.07;10.74;11H1;CC 09-066;CAÑA;1/12/2020;16/10/2025;6;136;127;121;Carlos Fernando Arias;Edwin Villacorte;16/10/2026;CAST;3.373152,-76.362450
2108-150;1; BUCHITOLO;2.76;8.54;11H1;CC 09-066;CAÑA;22/12/2025;22/10/2025;1;419;152;381;Carlos Fernando Arias;Edwin Villacorte;22/12/2026;CAST;3.372556,-76.361139
2108-160;1; BUCHITOLO;5.12;8.28;11H1;CC 09-066;CAÑA;30/12/2022;30/12/2025;4;685;134;656;Carlos Fernando Arias;Edwin Villacorte;30/12/2026;CAST;3.374469,-76.358188
2108-170;1; BUCHITOLO;15.43;7.06;11H1;CC 05-430;CAÑA;13/01/2023;5/02/2026;4;2065;134;2083;Carlos Fernando Arias;Edwin Villacorte;7/03/2027;CAST;3.377608,-76.355847
2108-180;1; BUCHITOLO;9.05;12.16;21H1;CC 11-0132;CAÑA;29/10/2023;3/09/2025;3;1283;142;1037;Carlos Fernando Arias;Edwin Villacorte;3/09/2026;CAST;3.379663,-76.353981
2108-182;1; BUCHITOLO;3.5;1.25;21H1;CC 09-066;CAÑA;16/08/2023;1/08/2026;4;496;142;426;Carlos Fernando Arias;Edwin Villacorte;31/08/2027;CAST;3.368548,-76.358259
2108-190;1; BUCHITOLO;1.33;8.28;21H1;CC 12-1326;CAÑA;16/01/2025;30/12/2025;2;185;139;164;Carlos Fernando Arias;Edwin Villacorte;30/12/2026;CAST;3.363664,-76.240493
2109-010;1; POTRERILLO;8.07;6.97;11H1;CC 05-430;CAÑA;18/01/2025;8/02/2026;2;1080;134;968;Carlos Fernando Arias;Edwin Villacorte;23/02/2027;CAST;3.364622,-76.237502
2109-020;1; POTRERILLO;7.15;12.71;11H2;CC 09-066;CAÑA;17/07/2024;17/08/2025;2;1014;142;888;Carlos Fernando Arias;Edwin Villacorte;1/09/2026;CAST;3.364845,-76.234237
2109-021;1; POTRERILLO;15.93;9.00;11H2;CC 05-430;CAÑA;10/10/2020;8/12/2025;6;1935;121;1885;Carlos Fernando Arias;Edwin Villacorte;8/12/2026;CAST;3.363973,-76.246359
2109-050;1; POTRERILLO;22.18;11.14;6H2;VARIAS;CAÑA;6/09/2020;4/10/2025;6;2362;106;2298;Carlos Fernando Arias;Edwin Villacorte;4/10/2026;CAST;3.365730,-76.243927
2109-060;1; POTRERILLO;6.9;12.71;6H2;CC 05-430;CAÑA;26/07/2023;17/08/2025;3;944;137;823;Carlos Fernando Arias;Edwin Villacorte;1/09/2026;CAST;3.367019,-76.241521
2109-064;1; POTRERILLO;13.64;10.84;6H2;CC 05-430;CAÑA;31/08/2024;13/10/2025;2;1934;142;1614;Carlos Fernando Arias;Edwin Villacorte;13/10/2026;CAST;3.367658,-76.239736
2109-070;1; POTRERILLO;5.07;9.07;6H2;CC 05-430;CAÑA;29/12/2020;6/12/2025;6;617;122;625;Carlos Fernando Arias;Edwin Villacorte;6/12/2026;CAST;3.368914,-76.237487
2109-071;1; POTRERILLO;9.96;7.00;31H1;CC 12-2120;CAÑA;17/01/2024;7/02/2026;3;1333;134;1245;Carlos Fernando Arias;Edwin Villacorte;9/03/2027;CAST;3.368615,-76.238206
2109-072;1; POTRERILLO;7.51;8.48;6H2;CC 05-430;CAÑA;29/12/2020;24/12/2025;6;650;87;852;Carlos Fernando Arias;Edwin Villacorte;24/12/2026;CAST;3.369609,-76.235276
2109-090;1; POTRERILLO;21.7;9.00;11H2;CC 05-430;CAÑA;26/10/2024;8/12/2025;2;3077;142;2780;Carlos Fernando Arias;Edwin Villacorte;8/12/2026;CAST;3.370457,-76.244478
2109-100;1; POTRERILLO;13.87;8.48;11H2;CC 05-430;CAÑA;22/01/2021;24/12/2025;6;1200;87;1573;Carlos Fernando Arias;Edwin Villacorte;24/12/2026;CAST;3.368728,-76.247726
2109-102;1; POTRERILLO;8.39;12.81;18H1;VARIAS;CAÑA;13/07/2024;14/08/2025;2;1148;137;1148;Carlos Fernando Arias;Edwin Villacorte;13/09/2026;CAST;3.372104,-76.240322
2109-120;1; POTRERILLO;5.94;4.30;31H1;CC 09-066;CAÑA;30/04/2026;6/02/2026;1;616;104;594;Carlos Fernando Arias;Edwin Villacorte;30/05/2027;CAST;3.373976,-76.241225
2109-141;1; POTRERILLO;6.15;1.35;6H2;CC 11-600;CAÑA;24/04/2020;29/07/2026;7;687;112;698;Carlos Fernando Arias;Edwin Villacorte;29/07/2027;CAST;3.376332,-76.242969
2109-142;1; POTRERILLO;9.6;12.45;6H1;CC 05-430;CAÑA;25/08/2025;28/07/2025;1;1340;140;1098;Carlos Fernando Arias;Edwin Villacorte;9/09/2026;CAST;3.376071,-76.242970
2109-143;1; POTRERILLO;3.8;1.18;6H1;CC 05-430;CAÑA;17/06/2023;3/08/2026;4;444;117;379;Carlos Fernando Arias;Edwin Villacorte;18/08/2027;CAST;3.373009,-76.242723
2109-144;1; POTRERILLO;1.15;1.41;6H2;CC 14-3296;CAÑA;9/07/2023;27/07/2026;4;152;132;148;Carlos Fernando Arias;Edwin Villacorte;27/07/2027;CAST;3.377445,-76.239440
2109-150;1; POTRERILLO;18.64;11.43;6H1;VARIAS;CAÑA;16/08/2022;25/09/2025;4;1990;107;2023;Carlos Fernando Arias;Edwin Villacorte;25/09/2026;CAST;3.378141,-76.235720
2109-160;1; POTRERILLO;9.82;1.28;6H1;CC 05-430;CAÑA;31/07/2026;30/06/2026;1;921;94;884;Carlos Fernando Arias;Edwin Villacorte;15/08/2027;CAST;3.374229,-76.236766
2109-162;1; POTRERILLO;10.39;2.07;6H1;CC 12-2120;CAÑA;31/03/2023;7/07/2026;4;1091;105;1171;Carlos Fernando Arias;Edwin Villacorte;6/08/2027;CAST;3.377288,-76.237070
2109-163;1; POTRERILLO;4.95;12.78;6H1;CC 11-595;CAÑA;15/07/2021;15/08/2025;5;529;107;493;Carlos Fernando Arias;Edwin Villacorte;14/09/2026;CAST;3.379132,-76.244243
2109-170;1; POTRERILLO;16.43;11.50;18H0;CC 05-430;CAÑA;11/09/2019;23/09/2025;7;2083;127;1944;Carlos Fernando Arias;Edwin Villacorte;23/09/2026;CAST;3.381173,-76.238318
2109-180;1; POTRERILLO;2.41;8.57;6H1;CC 05-430;CAÑA;7/12/2024;21/12/2025;2;318;132;285;Carlos Fernando Arias;Edwin Villacorte;21/12/2026;CAST;3.380331,-76.241629
2109-181;1; POTRERILLO;6.14;8.61;6H1;CC 05-430;CAÑA;22/12/2023;20/12/2025;3;760;124;726;Carlos Fernando Arias;Edwin Villacorte;20/12/2026;CAST;3.380263,-76.239486
2109-184;1; POTRERILLO;1.91;8.57;6H1;CC 05-430;CAÑA;20/12/2023;21/12/2025;3;246;129;226;Carlos Fernando Arias;Edwin Villacorte;21/12/2026;CAST;3.382750,-76.236496
2109-190;1; POTRERILLO;6.06;10.91;26H1;CC 11-600;CAÑA;21/01/2019;11/10/2025;8;859;142;687;Carlos Fernando Arias;Edwin Villacorte;11/10/2026;CAST;3.381810,-76.245176
2109-200;1; POTRERILLO;3.39;10.84;26H1;CC 09-066;CAÑA;23/08/2022;13/10/2025;4;396;117;384;Carlos Fernando Arias;Edwin Villacorte;13/10/2026;CAST;3.384564,-76.242500
2109-210;1; POTRERILLO;4.24;8.97;6H1;CC 05-430;CAÑA;20/10/2023;9/12/2025;3;516;122;502;Carlos Fernando Arias;Edwin Villacorte;9/12/2026;CAST;3.383053,-76.240727
2109-220;1; POTRERILLO;15.97;11.56;26H1;VARIAS;CAÑA;17/08/2024;21/09/2025;2;2105;132;1968;Carlos Fernando Arias;Edwin Villacorte;21/09/2026;CAST;3.356775,-76.289102
2135-010;1; EL AMPARO;1.84;7.00;11H0;CC 11-0132;CAÑA;24/01/2025;7/02/2026;2;265;144;239;Carlos Fernando Arias;Edwin Villacorte;22/02/2027;CAST;3.353982,-76.291211
2135-012;1; EL AMPARO;2.76;6.93;30H0;CC 09-066;CAÑA;25/04/2025;9/02/2026;2;373;135;373;Carlos Fernando Arias;Edwin Villacorte;11/03/2027;CAST;3.355660,-76.288094
2135-013;1; EL AMPARO;1.8;11.30;30H0;CC 05-430;CAÑA;20/01/2022;29/09/2025;5;237;132;231;Carlos Fernando Arias;Edwin Villacorte;29/09/2026;CAST;3.354761,-76.289600
2135-020;1; EL AMPARO;11.21;7.00;6H1;CC 09-066;CAÑA;13/01/2022;7/02/2026;5;1444;129;1401;Carlos Fernando Arias;Edwin Villacorte;22/02/2027;CAST;3.358162,-76.275572
2136-010;1; PARRAGA PROPIO;7.96;10.05;30H0;CC 97-7170;CAÑA;5/09/2017;6/11/2025;9;927;116;903;Carlos Fernando Arias;Edwin Villacorte;6/11/2026;CAST;3.355586,-76.276073
2136-011;1; PARRAGA PROPIO;8.97;10.12;18H0;CC 09-066;CAÑA;19/10/2024;4/11/2025;2;1317;147;1105;Carlos Fernando Arias;Edwin Villacorte;4/11/2026;CAST;3.356786,-76.273353
2136-020;1; PARRAGA PROPIO;9.21;9.00;11H1;CC 09-535;CAÑA;20/11/2021;8/12/2025;5;1076;117;1045;Carlos Fernando Arias;Edwin Villacorte;8/12/2026;CAST;3.353996,-76.272104
2136-030;1; PARRAGA PROPIO;9.4;6.70;11H1;CC 05-430;CAÑA;13/02/2021;16/02/2026;6;1164;124;1175;Carlos Fernando Arias;Edwin Villacorte;3/03/2027;CAST;3.401316,-76.227860
2137-010;1; MANANTIAL;4.68;0.92;11H3;CC 11-0132;CAÑA;20/11/2023;11/08/2026;4;593;127;568;Carlos Fernando Arias;Edwin Villacorte;11/08/2027;CAST;0
2137-011;1; MANANTIAL;2.7;0.00;31H0;RENOVACION;CAÑA;17/10/2003;20/08/2026;1;0;0;0;Carlos Fernando Arias;Edwin Villacorte;4/09/2027;CAST;3.400862,-76.233186
2137-012;1; MANANTIAL;1.25;0.00;11H1;RENOVACION;CAÑA;2/10/2007;20/08/2026;1;0;0;0;Carlos Fernando Arias;Edwin Villacorte;4/09/2027;CAST;3.400097,-76.237068
2137-013;1; MANANTIAL;2.43;0.00;11H1;RENOVACION;CAÑA;2/10/2007;20/08/2026;1;0;0;0;Carlos Fernando Arias;Edwin Villacorte;4/09/2027;CAST;3.421577,-76.260166
2137-014;1; MANANTIAL;2.6;0.00;11H1;RENOVACION;CAÑA;17/10/2003;20/08/2026;1;0;0;0;Carlos Fernando Arias;Edwin Villacorte;4/09/2027;CAST;3.423787,-76.259628
2137-015;1; MANANTIAL;2.64;0.99;11H3;CC 11-0132;CAÑA;20/11/2023;9/08/2026;4;335;127;290;Carlos Fernando Arias;Edwin Villacorte;9/08/2027;CAST;3.423233,-76.258840
2137-020;1; MANANTIAL;11.83;0.00;6H1;RENOVACION;CAÑA;26/02/2006;20/08/2026;1;0;0;0;Carlos Fernando Arias;Edwin Villacorte;4/09/2027;CAST;3.423149,-76.255514
2137-021;1; MANANTIAL;2.63;0.00;31H0;RENOVACION;CAÑA;20/02/2005;20/08/2026;1;0;0;0;Carlos Fernando Arias;Edwin Villacorte;4/09/2027;CAST;3.421630,-76.256768
2137-022;1; MANANTIAL;4.14;0.00;11H1;RENOVACION;CAÑA;20/02/2005;20/08/2026;1;0;0;0;Carlos Fernando Arias;Edwin Villacorte;4/09/2027;CAST;3.421774,-76.258276
2137-023;1; MANANTIAL;0.76;0.00;11H1;RENOVACION;CAÑA;25/08/2004;20/08/2026;1;0;0;0;Carlos Fernando Arias;Edwin Villacorte;4/09/2027;CAST;3.424512,-76.255098
2137-031;1; MANANTIAL;7.54;0.92;31H1;CC 15-2259;CAÑA;10/10/2025;11/08/2026;2;977;130;842;Carlos Fernando Arias;Edwin Villacorte;11/08/2027;CAST;3.423783,-76.254250
2137-032;1; MANANTIAL;6.82;6.83;31H1;CC 09-066;CAÑA;17/05/2022;12/02/2026;5;933;137;933;Carlos Fernando Arias;Edwin Villacorte;18/02/2027;CAST;3.421732,-76.255402
2137-035;1; MANANTIAL;6.5;0.00;31H1;RENOVACION;CAÑA;1/04/2011;20/08/2026;1;0;0;0;Carlos Fernando Arias;Edwin Villacorte;4/09/2027;CAST;3.422875,-76.253505
2137-040;1; MANANTIAL;9.74;0.00;31H1;RENOVACION;CAÑA;31/01/2006;20/08/2026;1;0;0;0;Carlos Fernando Arias;Edwin Villacorte;4/09/2027;CAST;3.424915,-76.253565
2137-042;1; MANANTIAL;1.3;0.00;6H1;RENOVACION;CAÑA;8/07/2010;20/08/2026;1;0;0;0;Carlos Fernando Arias;Edwin Villacorte;4/09/2027;CAST;3.422655,-76.253718
2138-010;1; CHUNE;2.97;0.56;6H1;CC 15-2259;CAÑA;6/08/2025;22/08/2026;2;436;147;383;Carlos Fernando Arias;Jose William Arbeláez;22/08/2027;CAST;3.426556,-76.257361
2138-020;1; CHUNE;8.72;9.07;30H0;CC 05-430;CAÑA;1/12/2020;6/12/2025;6;1018;117;1334;Carlos Fernando Arias;Jose William Arbeláez;6/12/2026;CAST;0
2138-021;1; CHUNE;2.69;9.13;30H0;CC 11-0132;CAÑA;30/12/2023;4/12/2025;3;368;137;272;Carlos Fernando Arias;Jose William Arbeláez;4/12/2026;CAST;3.425899,-76.255278
2138-030;1; CHUNE;0.7;4.80;6H1;CC 11-0132;CAÑA;16/07/2023;15/04/2026;4;87;124;84;Carlos Fernando Arias;Jose William Arbeláez;15/04/2027;CAST;3.423830,-76.256745
2138-032;1; CHUNE;2.66;2.46;6H1;CC 09-066;CAÑA;7/08/2024;25/06/2026;3;377;142;339;Carlos Fernando Arias;Jose William Arbeláez;25/06/2027;CAST;3.394251,-76.232103
2138-034;1; CHUNE;3.83;2.46;6H1;CC 05-430;CAÑA;10/06/2022;25/06/2026;5;486;127;479;Carlos Fernando Arias;Jose William Arbeláez;25/06/2027;CAST;3.375865,-76.251767
2138-039;1; CHUNE;2.7;0.62;6H1;CC 11-0132;CAÑA;16/07/2023;20/08/2026;4;356;132;299;Carlos Fernando Arias;Jose William Arbeláez;20/08/2027;CAST;3.350560,-76.265975
2138-040;1; CHUNE;0.8;10.68;30H1;CC 15-2356;CAÑA;18/01/2025;18/10/2025;2;111;139;99;Carlos Fernando Arias;Jose William Arbeláez;18/10/2026;CAST;3.349599,-76.262100
2138-051;1; CHUNE;2.51;8.71;30H1;CC 09-066;CAÑA;17/12/2025;12/10/2025;1;338;135;322;Carlos Fernando Arias;Jose William Arbeláez;17/12/2026;CAST;3.354409,-76.264812
2138-052;1; CHUNE;0.55;4.80;30H1;CC 15-2259;CAÑA;18/01/2025;15/04/2026;2;70;127;72;Carlos Fernando Arias;Jose William Arbeláez;30/06/2027;CAST;3.354909,-76.264405
2138-053;1; CHUNE;2.23;4.30;30H1;CC 15-2259;CAÑA;30/04/2026;21/03/2024;1;0;0;223;Carlos Fernando Arias;Jose William Arbeláez;30/04/2027;CAST;3.351711,-76.264383
2138-059;1; CHUNE;2.95;0.59;30H1;CC 15-2429;CAÑA;6/08/2025;21/08/2026;2;397;135;366;Carlos Fernando Arias;Jose William Arbeláez;21/08/2027;CAST;3.351354,-76.261876
2138-060;1; CHUNE;5.42;0.66;30H1;CC 15-2259;CAÑA;5/10/2025;19/08/2026;2;796;147;466;Carlos Fernando Arias;Jose William Arbeláez;19/08/2027;CAST;3.351756,-76.259260
2138-065;1; CHUNE;1;10.68;30H1;CC 09-535;CAÑA;1/05/2020;18/10/2025;7;137;137;118;Carlos Fernando Arias;Jose William Arbeláez;18/10/2026;CAST;3.357766,-76.262378
2138-066;1; CHUNE;2;9.40;30H1;CC 15-2259;CAÑA;18/01/2025;26/11/2025;2;253;127;260;Carlos Fernando Arias;Jose William Arbeláez;10/02/2027;CAST;3.357913,-76.263920
2138-070;1; CHUNE;5.27;0.59;30H1;CC 09-066;CAÑA;12/07/2024;21/08/2026;3;695;132;629;Carlos Fernando Arias;Jose William Arbeláez;21/08/2027;CAST;3.358105,-76.260164
2138-075;1; CHUNE;2.5;2.46;6H1;CC 11-0132;CAÑA;16/07/2023;25/06/2026;4;329;132;294;Carlos Fernando Arias;Jose William Arbeláez;25/06/2027;CAST;3.355879,-76.258600
2147-130;1; EL VERGEL ESTRADA PRO;1.56;6.67;6H1;CC 09-066;CAÑA;11/06/2022;17/02/2026;5;170;109;164;Carlos Fernando Arias;Edwin Villacorte;17/02/2027;CAST;3.363515,-76.276926
2147-150;1; EL VERGEL ESTRADA PRO;0.89;12.91;6H1;CC 05-430;CAÑA;21/11/2024;11/08/2025;2;113;127;102;Carlos Fernando Arias;Edwin Villacorte;10/09/2026;CAST;3.361411,-76.271632
2503-011;1; AVELINA;7.64;9.20;11H1;CC 12-2120;CAÑA;24/10/2023;2/12/2025;3;1045;137;829;Carlos Fernando Arias;Edwin Villacorte;2/12/2026;CAST;3.362500,-76.274785
2503-020;1; AVELINA;5.12;9.46;18H1;CC 05-430;CAÑA;11/11/2020;24/11/2025;6;649;127;631;Carlos Fernando Arias;Edwin Villacorte;24/11/2026;CAST;3.360806,-76.265285
2503-030;1; AVELINA;10.33;6.97;11H0;CC 09-066;CAÑA;8/02/2026;24/12/2025;1;1521;147;1521;Carlos Fernando Arias;Edwin Villacorte;8/02/2027;CAST;3.361843,-76.268121
2503-031;1; AVELINA;5.92;10.09;11H0;CC 09-066;CAÑA;27/08/2018;5/11/2025;8;751;127;729;Carlos Fernando Arias;Edwin Villacorte;5/11/2026;CAST;3.360735,-76.260367
2503-035;1; AVELINA;7.15;6.34;11H1;CC 05-430;CAÑA;6/05/2022;27/02/2026;5;921;129;965;Carlos Fernando Arias;Edwin Villacorte;14/03/2027;CAST;3.369566,-76.276889
2503-051;1; AVELINA;8;10.05;30H0;VARIAS;CAÑA;24/09/2023;6/11/2025;3;1054;132;946;Carlos Fernando Arias;Edwin Villacorte;6/11/2026;CAST;3.368111,-76.278790
2503-060;1; AVELINA;18.83;9.46;30H2;CC 05-430;CAÑA;26/10/2018;24/11/2025;8;2388;127;2228;Carlos Fernando Arias;Edwin Villacorte;24/11/2026;CAST;3.371604,-76.275033
2503-080;1; AVELINA;9.04;0.99;32H0;CC 05-430;CAÑA;25/07/2022;9/08/2026;5;1237;137;1095;Carlos Fernando Arias;Edwin Villacorte;9/08/2027;CAST;3.373206,-76.273914
2503-082;1; AVELINA;5.72;0.99;32H0;VARIAS;CAÑA;23/06/2023;9/08/2026;4;811;142;666;Carlos Fernando Arias;Edwin Villacorte;9/08/2027;CAST;3.368554,-76.270224
2503-088;1; AVELINA;12.07;12.29;32H0;CC 09-066;CAÑA;31/08/2021;30/08/2025;5;1651;137;1558;Carlos Fernando Arias;Edwin Villacorte;29/09/2026;CAST;3.369044,-76.266504
2503-102;1; AVELINA;9.11;8.48;10H3;CC 11-0132;CAÑA;15/12/2023;24/12/2025;3;1219;134;1044;Carlos Fernando Arias;Edwin Villacorte;24/12/2026;CAST;3.365515,-76.271795
2503-120;1; AVELINA;12.78;6.74;6H1;CC 05-430;CAÑA;31/01/2022;15/02/2026;5;1582;124;1661;Carlos Fernando Arias;Edwin Villacorte;2/03/2027;CAST;3.363892,-76.268113
2503-140;1; AVELINA;26.3;8.80;6H1;CC 05-430;CAÑA;20/11/2019;14/12/2025;7;3327;126;3156;Carlos Fernando Arias;Edwin Villacorte;14/12/2026;CAST;3.363224,-76.266391
2503-142;1; AVELINA;13.01;8.44;6H1;CC 05-430;CAÑA;19/12/2024;25/12/2025;2;1806;139;1561;Carlos Fernando Arias;Edwin Villacorte;25/12/2026;CAST;3.359295,-76.267003
2503-170;1; AVELINA;7.25;9.43;23H1;CC 05-430;CAÑA;11/11/2021;25/11/2025;5;919;127;858;Carlos Fernando Arias;Edwin Villacorte;25/11/2026;CAST;3.362420,-76.262698
2503-171;1; AVELINA;4;3.55;23H1;VARIAS;CAÑA;23/05/2026;14/02/2026;1;395;99;440;Carlos Fernando Arias;Edwin Villacorte;7/06/2027;CAST;3.357378,-76.283855
2503-180;1; AVELINA;8.52;0.99;32H0;CC 05-430;CAÑA;25/07/2021;9/08/2026;6;1208;142;1015;Carlos Fernando Arias;Edwin Villacorte;9/08/2027;CAST;3.354888,-76.282300
2503-190;1; AVELINA;12.09;6.31;23H1;CC 09-066;CAÑA;28/02/2023;28/02/2026;4;1618;134;1572;Carlos Fernando Arias;Edwin Villacorte;15/03/2027;CAST;3.358303,-76.280510
2503-192;1; AVELINA;17.25;6.08;23H1;CC 05-430;CAÑA;21/02/2023;7/03/2026;4;2308;134;2156;Carlos Fernando Arias;Edwin Villacorte;22/03/2027;CAST;3.357563,-76.277739
2503-196;1; AVELINA;11.61;2.46;11H1;CC 09-066;CAÑA;5/05/2025;25/06/2026;2;1670;144;1567;Carlos Fernando Arias;Edwin Villacorte;25/07/2027;CAST;3.354689,-76.280117
2503-197;1; AVELINA;6.59;11.27;11H1;CC 09-066;CAÑA;30/09/2025;10/08/2025;1;1000;152;877;Carlos Fernando Arias;Edwin Villacorte;30/09/2026;CAST;3.357835,-76.278734
2503-200;1; AVELINA;34.96;12.19;11H1;CC 05-430;CAÑA;16/07/2020;2/09/2025;6;4608;132;4307;Carlos Fernando Arias;Edwin Villacorte;2/09/2026;CAST;0
2503-201;1; AVELINA;1.14;12.19;11H1;CC 05-430;CAÑA;13/03/2021;2/09/2025;6;150;132;140;Carlos Fernando Arias;Edwin Villacorte;2/09/2026;CAST;3.377965,-76.294973
2503-202;1; AVELINA;17.96;1.64;11H1;CC 11-0132;CAÑA;7/07/2025;20/07/2026;2;2727;152;2128;Carlos Fernando Arias;Edwin Villacorte;19/08/2027;CAST;3.375386,-76.295227
2503-211;1; AVELINA;2.21;6.77;23H1;CC 05-430;CAÑA;24/12/2022;14/02/2026;4;285;129;254;Carlos Fernando Arias;Edwin Villacorte;1/03/2027;CAST;3.378665,-76.293107
2503-217;1; AVELINA;5.41;6.31;23H1;CC 09-066;CAÑA;11/02/2021;28/02/2026;6;643;119;649;Carlos Fernando Arias;Edwin Villacorte;15/03/2027;CAST;3.376689,-76.293311
2503-220;1; AVELINA;16.26;9.40;11H1;CC 05-430;CAÑA;20/12/2019;26/11/2025;7;1537;95;1764;Carlos Fernando Arias;Edwin Villacorte;26/11/2026;CAST;3.375501,-76.293515
2503-230;1; AVELINA;6.47;6.77;23H1;CC 11-0132;CAÑA;31/01/2025;14/02/2026;2;866;134;809;Carlos Fernando Arias;Edwin Villacorte;1/03/2027;CAST;3.377742,-76.291358
2506-070;1; CASTILLA;17.13;10.35;30H0;CC 11-0132;CAÑA;3/10/2021;28/10/2025;5;2172;127;1801;Carlos Fernando Arias;Edwith Zabdiel Arango Rojas;28/10/2026;CAST;3.375325,-76.291584
2506-080;1; CASTILLA;14.44;0.95;30H0;CC 11-0132;CAÑA;14/07/2022;10/08/2026;5;1975;137;1225;Carlos Fernando Arias;Edwith Zabdiel Arango Rojas;10/08/2027;CAST;3.377280,-76.290022
2506-081;1; CASTILLA;12.37;0.92;30H0;CC 09-066;CAÑA;9/08/2021;11/08/2026;6;1692;137;1430;Carlos Fernando Arias;Edwith Zabdiel Arango Rojas;11/08/2027;CAST;3.376403,-76.289494
2506-090;1; CASTILLA;4.86;10.45;30H0;CC 05-430;CAÑA;18/09/2021;25/10/2025;5;665;137;646;Carlos Fernando Arias;Edwith Zabdiel Arango Rojas;25/10/2026;CAST;3.376292,-76.287821
2506-091;1; CASTILLA;4.15;0.92;30H0;CC 11-0132;CAÑA;29/06/2023;11/08/2026;4;589;142;415;Carlos Fernando Arias;Edwith Zabdiel Arango Rojas;11/08/2027;CAST;3.375325,-76.285867
2506-092;1; CASTILLA;4.82;10.45;30H0;CC 05-430;CAÑA;19/09/2021;25/10/2025;5;659;137;641;Carlos Fernando Arias;Edwith Zabdiel Arango Rojas;25/10/2026;CAST;3.374511,-76.283733
2506-120;1; CASTILLA;4.81;8.84;6H1;CC 11-0132;CAÑA;17/12/2023;13/12/2025;3;658;137;506;Carlos Fernando Arias;Edwith Zabdiel Arango Rojas;13/12/2026;CAST;3.373913,-76.281248
2506-121;1; CASTILLA;3.34;12.55;6H1;CC 01-1940;CAÑA;17/01/2017;22/08/2025;10;423;127;382;Carlos Fernando Arias;Edwith Zabdiel Arango Rojas;21/09/2026;CAST;3.382673,-76.293661
2506-123;1; CASTILLA;6.61;12.55;30H0;CC 01-1940;CAÑA;10/02/2017;22/08/2025;10;772;117;724;Carlos Fernando Arias;Edwith Zabdiel Arango Rojas;21/09/2026;CAST;3.381648,-76.291004
2506-130;1; CASTILLA;7.61;8.80;6H1;CC 97-7170;CAÑA;18/01/2017;14/12/2025;10;1137;149;900;Carlos Fernando Arias;Edwith Zabdiel Arango Rojas;14/12/2026;CAST;3.380665,-76.288315
2506-131;1; CASTILLA;1.02;0.30;6H1;CC 11-0132;CAÑA;29/12/2023;30/08/2026;4;145;142;113;Carlos Fernando Arias;Edwith Zabdiel Arango Rojas;29/09/2027;CAST;0
2506-132;1; CASTILLA;3.89;7.00;11H0;CC 12-1326;CAÑA;18/01/2025;7/02/2026;2;559;144;506;Carlos Fernando Arias;Edwith Zabdiel Arango Rojas;22/02/2027;CAST;3.378376,-76.282269
2506-140;1; CASTILLA;8.24;3.15;6H1;CC 09-066;CAÑA;4/06/2026;28/10/2025;1;1251;152;1251;Carlos Fernando Arias;Edwith Zabdiel Arango Rojas;4/06/2027;CAST;0
2506-141;1; CASTILLA;1.95;0.26;30H0;CC 93-4418;CAÑA;15/08/2013;31/08/2026;12;237;122;223;Carlos Fernando Arias;Edwith Zabdiel Arango Rojas;6/09/2027;CAST;3.377250,-76.278428
2506-150;1; CASTILLA;3.47;7.00;30H0;CC 15-2429;SEMILLA;18/01/2025;7/02/2026;2;482;139;434;Carlos Fernando Arias;Edwith Zabdiel Arango Rojas;8/12/2026;CAST;3.375411,-76.273611
2506-151;1; CASTILLA;4.54;11.50;30H0;CC 11-595;CAÑA;2/12/2019;23/09/2025;7;689;152;582;Carlos Fernando Arias;Edwith Zabdiel Arango Rojas;23/09/2026;CAST;3.376203,-76.276379
2506-160;1; CASTILLA;8.13;9.89;11H0;CC 05-430;CAÑA;17/04/2021;11/11/2025;6;1072;132;1042;Carlos Fernando Arias;Edwith Zabdiel Arango Rojas;11/11/2026;CAST;3.386919,-76.294107
2506-170;1; CASTILLA;9.88;4.50;11H0;CC 01-1940;CAÑA;24/04/2026;15/02/2026;1;1075;109;889;Carlos Fernando Arias;Edwith Zabdiel Arango Rojas;9/05/2027;CAST;3.386280,-76.292373
2506-180;1; CASTILLA;9.93;8.80;11H0;CC 09-066;CAÑA;13/12/2024;14/12/2025;2;704;71;1272;Carlos Fernando Arias;Edwith Zabdiel Arango Rojas;14/12/2026;CAST;3.384949,-76.288838
2506-190;1; CASTILLA;11.79;6.70;30H0;CC 05-430;CAÑA;26/01/2020;16/02/2026;7;1519;129;1474;Carlos Fernando Arias;Edwith Zabdiel Arango Rojas;3/03/2027;CAST;3.385627,-76.290592
2506-220;1; CASTILLA;15.48;2.46;6H1;CC 05-430;CAÑA;23/04/2021;25/06/2026;6;1916;124;1896;Carlos Fernando Arias;Edwith Zabdiel Arango Rojas;25/07/2027;CAST;3.384272,-76.287055
2506-230;1; CASTILLA;8.1;8.61;6H1;CC 05-430;CAÑA;13/10/2020;20/12/2025;6;1189;147;1038;Carlos Fernando Arias;Edwith Zabdiel Arango Rojas;20/12/2026;CAST;3.387515,-76.288512
2506-232;1; CASTILLA;15.72;7.06;6H1;CC 05-430;CAÑA;24/01/2022;5/02/2026;5;2025;129;2044;Carlos Fernando Arias;Edwith Zabdiel Arango Rojas;7/03/2027;CAST;3.384112,-76.283898
2506-250;1; CASTILLA;9.49;8.87;11H0;CC 05-430;CAÑA;16/12/2023;12/12/2025;3;1346;142;1169;Carlos Fernando Arias;Edwith Zabdiel Arango Rojas;12/12/2026;CAST;3.381904,-76.280811
2506-251;1; CASTILLA;9.7;5.29;11H1;CC 85-92;CAÑA;31/03/2026;3/02/2026;1;1152;119;1164;Carlos Fernando Arias;Edwith Zabdiel Arango Rojas;31/03/2027;CAST;3.382117,-76.284093
2506-254;1; CASTILLA;9.65;4.57;11H1;CC 01-1940;CAÑA;22/04/2026;3/02/2026;1;1146;119;1158;Carlos Fernando Arias;Edwith Zabdiel Arango Rojas;22/04/2027;CAST;0
2506-270;1; CASTILLA;12.99;6.51;30H0;CC 05-430;CAÑA;19/01/2022;22/02/2026;5;1673;129;1689;Carlos Fernando Arias;Edwith Zabdiel Arango Rojas;9/03/2027;CAST;3.380257,-76.276432
2506-280;1; CASTILLA;14.09;10.32;30H0;CC 05-430;CAÑA;13/10/2021;29/10/2025;5;1928;137;1736;Carlos Fernando Arias;Edwith Zabdiel Arango Rojas;29/10/2026;CAST;3.380211,-76.274419
2506-281;1; CASTILLA;5.26;10.32;30H0;VARIAS;CAÑA;23/10/2021;29/10/2025;5;720;137;597;Carlos Fernando Arias;Edwith Zabdiel Arango Rojas;29/10/2026;CAST;0
2506-290;1; CASTILLA;7.87;6.54;15H0;CC 05-430;CAÑA;18/02/2022;21/02/2026;5;1014;129;1023;Carlos Fernando Arias;Edwith Zabdiel Arango Rojas;8/03/2027;CAST;3.378718,-76.271785
2506-291;1; CASTILLA;8.18;6.74;6H1;CC 09-066;CAÑA;15/02/2026;13/12/2025;1;1204;147;1204;Carlos Fernando Arias;Edwith Zabdiel Arango Rojas;17/03/2027;CAST;3.369452,-76.281802
2506-300;1; CASTILLA;8.28;11.56;11H1;VARIAS;CAÑA;5/10/2021;21/09/2025;5;1099;133;980;Carlos Fernando Arias;Edwith Zabdiel Arango Rojas;21/09/2026;CAST;3.302613,-76.284651
2506-301;1; CASTILLA;8.65;10.35;11H0;CC 11-0132;CAÑA;22/09/2021;28/10/2025;5;1183;137;951;Carlos Fernando Arias;Edwith Zabdiel Arango Rojas;28/10/2026;CAST;3.300011,-76.283415
2506-304;1; CASTILLA;8.68;10.35;11H0;CC 05-430;CAÑA;12/10/2021;28/10/2025;5;1187;137;1027;Carlos Fernando Arias;Edwith Zabdiel Arango Rojas;28/10/2026;CAST;3.305339,-76.281801
2506-305;1; CASTILLA;6.24;11.56;11H0;CC 05-430;CAÑA;21/09/2021;21/09/2025;5;854;137;769;Carlos Fernando Arias;Edwith Zabdiel Arango Rojas;21/09/2026;CAST;3.304917,-76.284821
2506-320;1; CASTILLA;10.19;10.35;11H1;CC 09-066;CAÑA;18/09/2021;28/10/2025;5;1394;137;1206;Carlos Fernando Arias;Edwith Zabdiel Arango Rojas;28/10/2026;CAST;3.304970,-76.283471
2506-321;1; CASTILLA;10.28;11.53;11H1;CC 11-0132;CAÑA;8/08/2022;22/09/2025;4;1355;132;1227;Carlos Fernando Arias;Edwith Zabdiel Arango Rojas;22/09/2026;CAST;3.306608,-76.283558
2506-322;1; CASTILLA;9.77;11.50;11H1;CC 05-430;CAÑA;17/08/2020;23/09/2025;6;1239;127;1204;Carlos Fernando Arias;Edwith Zabdiel Arango Rojas;23/09/2026;CAST;3.311110,-76.294907
2506-340;1; CASTILLA;9.59;9.23;11H0;CC 11-0132;CAÑA;12/11/2023;1/12/2025;3;1360;142;1008;Carlos Fernando Arias;Edwith Zabdiel Arango Rojas;1/12/2026;CAST;3.311968,-76.296447
2506-342;1; CASTILLA;11.89;10.51;11H0;CC 09-066;CAÑA;6/08/2017;23/10/2025;9;1805;152;1523;Carlos Fernando Arias;Edwith Zabdiel Arango Rojas;23/10/2026;CAST;3.306402,-76.282369
2506-350;1; CASTILLA;3.25;8.87;11H1;CC 05-430;CAÑA;29/03/2022;12/12/2025;5;445;137;416;Carlos Fernando Arias;Edwith Zabdiel Arango Rojas;12/12/2026;CAST;3.315764,-76.295539
2506-360;1; CASTILLA;7.82;8.90;6H1;CC 05-430;CAÑA;30/11/2023;11/12/2025;3;1109;142;1002;Carlos Fernando Arias;Edwith Zabdiel Arango Rojas;11/12/2026;CAST;3.317962,-76.293164
2506-361;1; CASTILLA;7.68;2.27;6H1;CC 05-430;CAÑA;17/07/2021;1/07/2026;6;989;129;903;Carlos Fernando Arias;Edwith Zabdiel Arango Rojas;15/08/2027;CAST;3.314230,-76.292700
2506-400;1; CASTILLA;0.7;7.26;6H1;CC 09-066;CAÑA;14/12/2024;30/01/2026;2;103;147;0;Carlos Fernando Arias;Edwith Zabdiel Arango Rojas;30/01/2027;CAST;3.313202,-76.288204
2110-010;2; CALANDA;6.55;6.54;11H2;CC 11-0132;CAÑA;16/02/2024;21/02/2026;3;800;122;917;Esteban Arias;Juan Camilo Ramirez;23/03/2027;CAST;3.310757,-76.288573
2110-014;2; CALANDA;7.81;0.95;11H2;CC 05-430;CAÑA;23/08/2019;10/08/2026;8;960;123;840;Esteban Arias;Juan Camilo Ramirez;25/08/2027;CAST;3.311852,-76.285857
2110-020;2; CALANDA;3.5;4.24;11H2;CC 09-066;CAÑA;7/09/2021;2/05/2026;6;439;126;439;Esteban Arias;Juan Camilo Ramirez;2/05/2027;CAST;3.320757,-76.294306
2110-022;2; CALANDA;3.64;2.10;11H2;CC 05-430;CAÑA;7/06/2023;6/07/2026;4;447;123;409;Esteban Arias;Juan Camilo Ramirez;20/08/2027;CAST;3.321269,-76.294638
2110-024;2; CALANDA;2.78;2.10;11H2;CC 05-430;CAÑA;7/06/2023;6/07/2026;5;335;120;181;Esteban Arias;Juan Camilo Ramirez;6/07/2027;CAST;3.321762,-76.291837
2110-026;2; CALANDA;3.32;11.01;11H2;CC 05-430;CAÑA;28/01/2022;8/10/2025;5;408;123;402;Esteban Arias;Juan Camilo Ramirez;7/11/2026;CAST;3.316643,-76.291313
2110-030;2; CALANDA;2.81;1.08;11H0;CC 09-535;CAÑA;5/09/2021;6/08/2026;6;317;113;313;Esteban Arias;Juan Camilo Ramirez;21/08/2027;CAST;3.319436,-76.290382
2110-031;2; CALANDA;3.83;12.32;11H2;CC 05-430;CAÑA;18/09/2022;29/08/2025;4;504;132;497;Esteban Arias;Juan Camilo Ramirez;13/09/2026;CAST;3.319947,-76.292430
2110-033;2; CALANDA;1;4.24;11H2;CC 09-066;CAÑA;7/09/2021;2/05/2026;6;113;113;120;Esteban Arias;Juan Camilo Ramirez;17/05/2027;CAST;3.317249,-76.289643
2110-040;2; CALANDA;7.09;8.94;11H2;CC 11-0132;CAÑA;22/12/2023;10/12/2025;3;892;126;813;Esteban Arias;Juan Camilo Ramirez;10/12/2026;CAST;3.320444,-76.288568
2110-041;2; CALANDA;6.32;8.38;11H2;CC 05-430;CAÑA;22/01/2022;27/12/2025;5;741;117;731;Esteban Arias;Juan Camilo Ramirez;27/12/2026;CAST;3.317481,-76.285797
2110-050;2; CALANDA;22.33;5.29;11H1;CC 09-066;CAÑA;31/03/2026;26/10/2025;1;2726;122;2726;Esteban Arias;Juan Camilo Ramirez;31/03/2027;CAST;3.318106,-76.287583
2110-070;2; CALANDA;15.94;6.57;11H1;CC 09-066;CAÑA;20/02/2026;9/12/2025;1;1625;102;1658;Esteban Arias;Juan Camilo Ramirez;20/02/2027;CAST;3.315837,-76.284397
2110-076;2; CALANDA;4.38;5.39;11H1;CC 09-066;CAÑA;28/03/2026;9/12/2025;1;446;102;456;Esteban Arias;Juan Camilo Ramirez;28/03/2027;CAST;3.326942,-76.293635
2110-080;2; CALANDA;7.41;1.94;11H2;CC 05-430;CAÑA;7/10/2023;11/07/2026;4;970;131;974;Esteban Arias;Juan Camilo Ramirez;11/07/2027;CAST;3.325028,-76.290489
2110-090;2; CALANDA;7.54;8.97;11H1;CC 11-0132;CAÑA;16/12/2023;9/12/2025;3;987;131;922;Esteban Arias;Juan Camilo Ramirez;9/12/2026;CAST;3.328807,-76.292414
2110-091;2; CALANDA;4.52;8.97;11H1;CC 05-430;CAÑA;5/12/2024;9/12/2025;2;623;138;592;Esteban Arias;Juan Camilo Ramirez;9/12/2026;CAST;3.326662,-76.292268
2110-100;2; CALANDA;5.72;11.66;11H1;CC 05-430;CAÑA;3/09/2023;18/09/2025;3;783;137;750;Esteban Arias;Juan Camilo Ramirez;18/09/2026;CAST;0
2110-110;2; CALANDA;1.14;8.97;11H1;CC 11-0132;CAÑA;16/12/2023;9/12/2025;3;149;131;142;Esteban Arias;Juan Camilo Ramirez;9/12/2026;CAST;3.323564,-76.289016
2110-112;2; CALANDA;8.13;12.42;11H1;CC 11-0132;CAÑA;11/08/2023;26/08/2025;3;1074;132;940;Esteban Arias;Juan Camilo Ramirez;25/09/2026;CAST;3.321686,-76.284359
2110-114;2; CALANDA;6.67;8.87;11H1;CC 11-0132;CAÑA;14/12/2023;12/12/2025;3;839;126;765;Esteban Arias;Juan Camilo Ramirez;12/12/2026;CAST;3.322757,-76.286937
2110-117;2; CALANDA;6.27;10.25;11H1;CC 05-430;CAÑA;24/09/2023;31/10/2025;3;838;134;773;Esteban Arias;Juan Camilo Ramirez;31/10/2026;CAST;3.326474,-76.286982
2110-118;2; CALANDA;3.63;6.47;11H1;CC 05-430;CAÑA;9/02/2020;23/02/2026;7;353;97;341;Esteban Arias;Juan Camilo Ramirez;10/03/2027;CAST;3.325525,-76.285199
2110-130;2; CALANDA;13.02;10.25;11H1;CC 09-535;CAÑA;16/11/2021;31/10/2025;5;1493;115;1473;Esteban Arias;Juan Camilo Ramirez;31/10/2026;CAST;3.321895,-76.281469
2110-131;2; CALANDA;13.3;9.59;11H1;CC 05-430;CAÑA;6/12/2023;20/11/2025;3;1723;130;1698;Esteban Arias;Juan Camilo Ramirez;20/11/2026;CAST;3.324815,-76.283463
2110-140;2; CALANDA;10.94;2.50;11H0;CC 11-0132;CAÑA;23/10/2022;24/06/2026;5;1392;127;1417;Esteban Arias;Juan Camilo Ramirez;24/07/2027;CAST;3.322929,-76.279059
2110-150;2; CALANDA;5.9;6.83;18H0;CC 09-066;CAÑA;12/02/2026;26/11/2025;1;688;117;688;Esteban Arias;Juan Camilo Ramirez;12/02/2027;CAST;3.329169,-76.283942
2110-151;2; CALANDA;16.38;6.47;18H0;VARIAS;CAÑA;6/03/2020;23/02/2026;7;1989;121;1982;Esteban Arias;Juan Camilo Ramirez;10/03/2027;CAST;3.327208,-76.281047
2110-154;2; CALANDA;3.14;9.33;18H2;CC 05-430;CAÑA;13/11/2021;28/11/2025;5;374;119;295;Esteban Arias;Juan Camilo Ramirez;28/11/2026;CAST;3.325684,-76.276239
2110-155;2; CALANDA;9.19;2.14;18H0;CC 11-0132;CAÑA;15/04/2023;5/07/2026;4;1106;120;1106;Esteban Arias;Juan Camilo Ramirez;19/08/2027;CAST;3.326322,-76.278050
2110-158;2; CALANDA;0.08;3.58;18H0;CC 11-0132;CAÑA;15/04/2023;22/05/2026;4;10;120;10;Esteban Arias;Juan Camilo Ramirez;22/05/2027;CAST;3.323376,-76.273680
2110-170;2; CALANDA;5.14;10.84;11H1;CC 05-430;CAÑA;1/02/2021;13/10/2025;6;665;129;653;Esteban Arias;Juan Camilo Ramirez;13/10/2026;CAST;3.324893,-76.274072
2110-171;2; CALANDA;5.31;9.36;11H1;CC 09-066;CAÑA;29/11/2024;27/11/2025;2;732;138;654;Esteban Arias;Juan Camilo Ramirez;27/11/2026;CAST;3.306469,-76.296047
2110-177;2; CALANDA;12.55;10.25;11H1;CC 05-430;CAÑA;1/02/2021;31/10/2025;6;1594;127;1571;Esteban Arias;Juan Camilo Ramirez;31/10/2026;CAST;3.249486,-76.322935
2110-190;2; CALANDA;2.6;2.46;11H0;CC 11-0132;CAÑA;19/04/2023;25/06/2026;4;293;113;293;Esteban Arias;Juan Camilo Ramirez;10/07/2027;CAST;3.250533,-76.322276
2110-200;2; CALANDA;3.61;11.66;11H0;CC 15-2259;CAÑA;18/09/2025;29/08/2025;1;485;134;478;Esteban Arias;Juan Camilo Ramirez;18/09/2026;CAST;3.249402,-76.320127
2110-201;2; CALANDA;2.1;9.92;11H0;CC 09-066;CAÑA;14/09/2024;10/11/2025;2;273;130;269;Esteban Arias;Juan Camilo Ramirez;10/12/2026;CAST;3.247997,-76.318988
2110-202;2; CALANDA;4.3;5.62;11H0;CC 05-430;CAÑA;16/11/2023;21/03/2026;4;575;134;575;Esteban Arias;Juan Camilo Ramirez;27/03/2027;CAST;3.250176,-76.318456
2110-210;2; CALANDA;20.32;9.36;11H0;VARIAS;CAÑA;29/12/2020;27/11/2025;6;2646;130;2205;Esteban Arias;Juan Camilo Ramirez;27/11/2026;CAST;3.248481,-76.317274
2110-220;2; CALANDA;10.09;8.05;11H0;VARIAS;CAÑA;6/01/2026;23/11/2025;1;978;97;978;Esteban Arias;Juan Camilo Ramirez;21/01/2027;CAST;3.249727,-76.313888
2110-230;2; CALANDA;20.32;9.46;11H0;CC 05-430;CAÑA;23/08/2020;24/11/2025;6;2623;129;2205;Esteban Arias;Juan Camilo Ramirez;24/11/2026;CAST;3.250727,-76.290994
2110-240;2; CALANDA;7.78;1.48;11H0;CC 09-066;CAÑA;21/06/2024;25/07/2026;3;1073;138;1023;Esteban Arias;Juan Camilo Ramirez;31/07/2027;CAST;3.253943,-76.322093
2110-241;2; CALANDA;11.49;12.45;11H0;CC 05-430;CAÑA;13/11/2020;25/08/2025;6;1427;124;1449;Esteban Arias;Juan Camilo Ramirez;9/09/2026;CAST;3.253582,-76.324447
2110-251;2; CALANDA;2.16;7.59;11H1;CC 05-430;CAÑA;1/11/2023;20/01/2026;4;296;137;296;Esteban Arias;Juan Camilo Ramirez;26/01/2027;CAST;3.252887,-76.318494
2110-252;2; CALANDA;10.11;2.46;11H1;CC 11-0132;CAÑA;20/05/2023;25/06/2026;4;1242;123;1242;Esteban Arias;Juan Camilo Ramirez;10/07/2027;CAST;0
2110-260;2; CALANDA;0.42;11.66;11H1;CC 11-0132;CAÑA;18/08/2023;18/09/2025;3;51;122;49;Esteban Arias;Juan Camilo Ramirez;18/09/2026;CAST;3.254294,-76.314648
2111-011;2;  LA PAMPA;7.86;7.26;11H3;CC 05-430;CAÑA;17/02/2022;30/01/2026;5;882;112;943;Esteban Arias;Eyder Valencia;14/02/2027;CAST;3.253674,-76.311130
2111-012;2;  LA PAMPA;2.34;11.99;11H3;CC 11-595;CAÑA;27/06/2023;8/09/2025;3;295;126;290;Esteban Arias;Eyder Valencia;23/09/2026;CAST;3.254516,-76.309456
2111-030;2;  LA PAMPA;6.08;8.61;11H3;CC 16-3205;CAÑA;20/12/2025;5/08/2025;1;802;132;797;Esteban Arias;Eyder Valencia;26/12/2026;CAST;3.255438,-76.306719
2111-032;2;  LA PAMPA;3.63;8.61;6H3;CC 16-3205;CAÑA;20/12/2025;8/08/2025;1;479;132;483;Esteban Arias;Eyder Valencia;26/12/2026;CAST;3.254055,-76.307978
2111-035;2;  LA PAMPA;3.39;8.61;6H3;CC 16-3205;CAÑA;20/12/2025;8/08/2025;1;447;132;448;Esteban Arias;Eyder Valencia;20/12/2026;CAST;3.254343,-76.302006
2111-036;2;  LA PAMPA;9.31;1.68;6H3;CC 16-3205;CAÑA;16/07/2025;19/07/2026;2;1228;132;1214;Esteban Arias;Eyder Valencia;25/07/2027;CAST;3.255507,-76.305072
2111-060;2;  LA PAMPA;13.86;1.77;11H3;CC 11-600;CAÑA;13/08/2019;16/07/2026;8;1333;96;1367;Esteban Arias;Eyder Valencia;31/07/2027;CAST;3.255572,-76.303380
2111-100;2;  LA PAMPA;2.91;8.28;17H4;CC 11-606;CAÑA;15/02/2025;30/12/2025;2;360;124;355;Esteban Arias;Eyder Valencia;30/12/2026;CAST;3.255634,-76.300520
2111-110;2;  LA PAMPA;18.63;1.71;11H3;CC 11-595;CAÑA;22/07/2023;18/07/2026;4;2258;121;2245;Esteban Arias;Eyder Valencia;2/08/2027;CAST;3.252621,-76.298485
2111-113;2;  LA PAMPA;12.82;2.46;11H3;CC 12-2120;CAÑA;25/02/2023;25/06/2026;4;1412;110;1385;Esteban Arias;Eyder Valencia;10/07/2027;CAST;3.255664,-76.299325
2111-180;2;  LA PAMPA;16.55;11.99;11H3;CC 05-430;CAÑA;25/07/2023;8/09/2025;3;2124;128;2039;Esteban Arias;Eyder Valencia;23/09/2026;CAST;3.255686,-76.298114
2111-185;2;  LA PAMPA;10;4.14;11H3;CC 05-430;CAÑA;25/07/2023;5/05/2026;4;1283;128;1283;Esteban Arias;Eyder Valencia;20/05/2027;CAST;3.255717,-76.296905
2111-210;2;  LA PAMPA;23.58;11.66;11H3;CC 11-595;CAÑA;8/10/2020;18/09/2025;6;2407;102;2443;Esteban Arias;Eyder Valencia;18/09/2026;CAST;3.255907,-76.290197
2111-240;2;  LA PAMPA;20.96;8.90;11H3;VARIAS;CAÑA;21/11/2024;11/12/2025;2;2472;118;2480;Esteban Arias;Eyder Valencia;11/12/2026;CAST;3.255853,-76.291234
2111-242;2;  LA PAMPA;5.97;11.56;11H3;CC 01-1940;CAÑA;29/08/2018;21/09/2025;8;726;122;648;Esteban Arias;Eyder Valencia;21/09/2026;CAST;3.252646,-76.291846
2111-270;2;  LA PAMPA;6.95;8.87;11H3;CC 09-066;CAÑA;9/12/2024;12/12/2025;2;820;118;808;Esteban Arias;Eyder Valencia;12/12/2026;CAST;3.253827,-76.291759
2111-271;2;  LA PAMPA;6.73;2.27;11H3;CC 16-3205;CAÑA;14/06/2025;1/07/2026;2;887;132;1075;Esteban Arias;Eyder Valencia;15/08/2027;CAST;3.255757,-76.294517
2111-290;2;  LA PAMPA;5.58;0.79;11H3;CC 05-430;CAÑA;11/11/2023;15/08/2026;4;631;113;638;Esteban Arias;Eyder Valencia;30/08/2027;CAST;3.255079,-76.292285
2111-292;2;  LA PAMPA;4.11;2.46;11H3;CC 05-430;CAÑA;14/07/2023;25/06/2026;4;506;123;469;Esteban Arias;Eyder Valencia;25/06/2027;CAST;3.252514,-76.290150
2111-299;2;  LA PAMPA;7.32;1.08;11H3;CC 11-0132;CAÑA;15/07/2023;6/08/2026;4;902;123;764;Esteban Arias;Eyder Valencia;21/08/2027;CAST;3.255820,-76.293335
2111-320;2;  LA PAMPA;4.03;2.27;11H3;CC 05-430;CAÑA;12/09/2023;1/07/2026;4;507;126;477;Esteban Arias;Eyder Valencia;7/07/2027;CAST;3.255736,-76.295732
2111-321;2;  LA PAMPA;14.36;11.47;11H3;CC 11-606;CAÑA;26/10/2024;24/09/2025;2;1693;118;1530;Esteban Arias;Eyder Valencia;24/09/2026;CAST;3.256454,-76.292305
2111-322;2;  LA PAMPA;4.03;9.99;11H3;CC 05-430;CAÑA;1/11/2023;8/11/2025;3;487;121;429;Esteban Arias;Eyder Valencia;30/10/2026;CAST;3.253070,-76.288041
2111-323;2;  LA PAMPA;4.02;9.95;11H3;CC 05-430;CAÑA;23/11/2023;9/11/2025;3;475;118;428;Esteban Arias;Eyder Valencia;31/10/2026;CAST;3.255935,-76.288584
2111-324;2;  LA PAMPA;4.05;9.95;11H3;CC 05-430;CAÑA;24/11/2023;9/11/2025;3;478;118;432;Esteban Arias;Eyder Valencia;9/11/2026;CAST;3.252268,-76.288817
2111-360;2;  LA PAMPA;3.31;11.60;11H3;CC 11-595;CAÑA;1/11/2020;20/09/2025;6;436;132;346;Esteban Arias;Eyder Valencia;20/09/2026;CAST;3.256001,-76.286442
2111-361;2;  LA PAMPA;3.35;8.41;11H3;CC 05-430;CAÑA;7/12/2024;26/12/2025;2;403;120;398;Esteban Arias;Eyder Valencia;26/12/2026;CAST;3.253020,-76.284755
2111-362;2;  LA PAMPA;3.01;8.80;17H4;CC 15-3119;CAÑA;3/12/2024;14/12/2025;2;362;120;357;Esteban Arias;Eyder Valencia;14/12/2026;CAST;3.256098,-76.284421
2111-363;2;  LA PAMPA;5.53;8.80;17H4;CC 18-3021;CAÑA;4/12/2024;14/12/2025;2;666;120;656;Esteban Arias;Eyder Valencia;14/12/2026;CAST;3.252882,-76.286395
2111-367;2;  LA PAMPA;4.37;1.08;17H4;CC 16-3205;CAÑA;25/07/2025;6/08/2026;2;576;132;548;Esteban Arias;Eyder Valencia;21/08/2027;CAST;3.258434,-76.298634
2111-368;2;  LA PAMPA;1.45;9.53;17H4;CC 05-430;CAÑA;20/12/2024;22/11/2025;2;180;124;177;Esteban Arias;Eyder Valencia;22/11/2026;CAST;3.258514,-76.300169
2111-371;2;  LA PAMPA;1.68;9.53;17H4;CC 12-2120;CAÑA;17/11/2023;22/11/2025;3;190;113;187;Esteban Arias;Eyder Valencia;22/11/2026;CAST;3.262377,-76.296857
2111-375;2;  LA PAMPA;3.37;8.28;17H4;CC 05-430;CAÑA;21/12/2024;30/12/2025;2;184;55;300;Esteban Arias;Eyder Valencia;30/12/2026;CAST;3.260486,-76.295432
2111-376;2;  LA PAMPA;3.7;2.23;17H4;CC 16-3205;CAÑA;15/06/2025;2/07/2026;2;488;132;402;Esteban Arias;Eyder Valencia;16/08/2027;CAST;3.258438,-76.294813
2111-378;2;  LA PAMPA;1.89;9.76;17H4;CC 11-595;CAÑA;1/11/2020;15/11/2025;6;249;132;205;Esteban Arias;Eyder Valencia;15/11/2026;CAST;3.262684,-76.296013
2111-410;2;  LA PAMPA;3.71;9.49;11H3;CC 11-606;CAÑA;19/12/2024;23/11/2025;2;460;124;428;Esteban Arias;Eyder Valencia;23/11/2026;CAST;3.264567,-76.296660
2111-412;2;  LA PAMPA;7.1;8.28;11H3;CC 12-2120;CAÑA;10/01/2024;30/12/2025;3;780;110;736;Esteban Arias;Eyder Valencia;30/12/2026;CAST;3.260849,-76.291793
2111-413;2;  LA PAMPA;4.24;0.85;11H3;CC 16-3205;CAÑA;13/08/2026;23/07/2026;1;395;93;339;Esteban Arias;Eyder Valencia;27/09/2027;CAST;3.261075,-76.289152
2111-420;2;  LA PAMPA;6.82;9.79;11H3;CC 12-2120;CAÑA;7/01/2024;14/11/2025;3;750;110;707;Esteban Arias;Eyder Valencia;14/11/2026;CAST;3.261204,-76.288077
2111-421;2;  LA PAMPA;5.17;0.76;11H3;CC 09-066;CAÑA;31/07/2025;16/08/2026;2;682;132;557;Esteban Arias;Eyder Valencia;31/08/2027;CAST;3.259515,-76.284765
2111-422;2;  LA PAMPA;5.68;1.61;11H3;CC 05-430;CAÑA;12/09/2022;21/07/2026;5;648;114;662;Esteban Arias;Eyder Valencia;5/08/2027;CAST;3.259103,-76.286597
2111-424;2;  LA PAMPA;8.22;11.56;11H3;CC 11-595;CAÑA;21/08/2022;21/09/2025;4;888;108;876;Esteban Arias;Eyder Valencia;21/09/2026;CAST;3.267203,-76.292752
2111-450;2;  LA PAMPA;5.37;11.50;11H3;CC 05-430;CAÑA;12/01/2024;23/09/2025;3;607;113;609;Esteban Arias;Eyder Valencia;23/09/2026;CAST;3.266110,-76.288125
2111-451;2;  LA PAMPA;3.17;0.69;11H3;CC 11-595;CAÑA;11/07/2023;18/08/2026;4;358;113;306;Esteban Arias;Eyder Valencia;18/08/2027;CAST;3.267906,-76.289508
2111-460;2;  LA PAMPA;3.72;0.72;11H2;CC 09-066;CAÑA;19/07/2025;17/08/2026;2;491;132;447;Esteban Arias;Eyder Valencia;1/09/2027;CAST;3.265809,-76.290270
2111-461;2;  LA PAMPA;17.23;8.84;11H2;CC 05-430;CAÑA;13/01/2024;13/12/2025;3;2169;126;2038;Esteban Arias;Eyder Valencia;13/12/2026;CAST;3.265509,-76.291308
2111-464;2;  LA PAMPA;4.31;9.99;11H2;CC 05-430;CAÑA;1/08/2020;8/11/2025;6;568;132;489;Esteban Arias;Eyder Valencia;8/11/2026;CAST;3.268029,-76.288222
2111-466;2;  LA PAMPA;3.86;9.99;11H2;CC 05-430;CAÑA;22/09/2023;8/11/2025;3;428;111;423;Esteban Arias;Eyder Valencia;8/11/2026;CAST;3.261618,-76.286436
2111-467;2;  LA PAMPA;0.54;8.77;11H2;CC 11-595;CAÑA;15/04/2020;15/12/2025;7;52;96;51;Esteban Arias;Eyder Valencia;15/12/2026;CAST;3.265413,-76.288661
2111-490;2;  LA PAMPA;34.13;9.99;11H2;VARIAS;CAÑA;18/10/2023;8/11/2025;3;4266;125;4038;Esteban Arias;Eyder Valencia;8/11/2026;CAST;3.305863,-76.312848
2111-510;2;  LA PAMPA;9.07;1.58;11H4;CC 16-3205;CAÑA;21/06/2025;22/07/2026;2;1196;132;1219;Esteban Arias;Eyder Valencia;21/08/2027;CAST;3.304726,-76.307742
2111-511;2;  LA PAMPA;8.62;9.79;11H4;CC 05-430;CAÑA;9/11/2024;14/11/2025;2;1080;125;851;Esteban Arias;Eyder Valencia;14/11/2026;CAST;3.303036,-76.308746
2111-530;2;  LA PAMPA;6.91;0.92;11H4;CC 18-3021;CAÑA;30/07/2025;11/08/2026;2;452;65;686;Esteban Arias;Eyder Valencia;26/08/2027;CAST;3.305598,-76.298606
2111-531;2;  LA PAMPA;5.15;0.92;11H4;CC 15-3059;CAÑA;31/07/2025;11/08/2026;2;679;132;583;Esteban Arias;Eyder Valencia;26/08/2027;CAST;3.304843,-76.296368
2111-550;2;  LA PAMPA;11.16;11.60;11H2;CC 11-595;CAÑA;29/08/2021;20/09/2025;5;1244;111;1167;Esteban Arias;Eyder Valencia;20/09/2026;CAST;3.311458,-76.309546
2111-570;2;  LA PAMPA;2.01;10.05;11H2;CC 11-595;CAÑA;13/08/2020;6/11/2025;6;205;102;202;Esteban Arias;Eyder Valencia;6/11/2026;CAST;3.310297,-76.306878
2111-572;2;  LA PAMPA;10.16;8.80;11H3;CC 05-430;CAÑA;11/11/2023;14/12/2025;3;1200;118;1183;Esteban Arias;Eyder Valencia;14/12/2026;CAST;3.311496,-76.306747
2111-575;2;  LA PAMPA;2.69;7.26;11H2;CC 13-2035;CAÑA;30/01/2026;5/11/2025;1;275;102;275;Esteban Arias;Eyder Valencia;14/02/2027;CAST;3.309172,-76.298871
2111-577;2;  LA PAMPA;2.7;7.26;11H2;CC 13-2035;CAÑA;30/01/2026;6/11/2025;1;356;132;356;Esteban Arias;Eyder Valencia;14/02/2027;CAST;0
2111-579;2;  LA PAMPA;2.41;1.58;11H3;CC 05-430;CAÑA;6/08/2022;22/07/2026;5;265;110;241;Esteban Arias;Eyder Valencia;6/08/2027;CAST;3.309282,-76.304130
2111-580;2;  LA PAMPA;1.16;10.87;10H4;CC 05-430;CAÑA;28/09/2023;12/10/2025;3;124;107;126;Esteban Arias;Eyder Valencia;11/11/2026;CAST;3.309144,-76.302159
2111-581;2;  LA PAMPA;3.55;7.26;11H2;CC 16-3205;CAÑA;30/01/2026;6/11/2025;1;362;102;362;Esteban Arias;Eyder Valencia;14/02/2027;CAST;3.308227,-76.296665
2112-240;2; EL NILO AGRICOLA;27.19;8.38;11H2;CC 05-430;CAÑA;21/12/2023;27/12/2025;3;3427;126;3377;Esteban Arias;Juan Camilo Ramirez;27/12/2026;CAST;3.268875,-76.231592
2112-260;2; EL NILO AGRICOLA;20.97;6.90;11H2;CC 11-0132;CAÑA;11/01/2024;10/02/2026;3;2696;129;2621;Esteban Arias;Juan Camilo Ramirez;25/02/2027;CAST;0
2112-261;2; EL NILO AGRICOLA;1.31;1.12;11H2;CC 11-0132;CAÑA;31/07/2023;5/08/2026;4;160;122;115;Esteban Arias;Juan Camilo Ramirez;20/08/2027;CAST;3.268873,-76.228488
2112-380;2; EL NILO AGRICOLA;6.22;8.90;11H2;CC 09-066;CAÑA;12/02/2022;11/12/2025;5;767;123;756;Esteban Arias;Juan Camilo Ramirez;11/12/2026;CAST;3.270101,-76.248318
2112-381;2; EL NILO AGRICOLA;7.18;5.03;11H2;CC 05-430;CAÑA;8/06/2023;8/04/2026;4;864;120;696;Esteban Arias;Juan Camilo Ramirez;8/04/2027;CAST;3.270785,-76.244454
2112-400;2; EL NILO AGRICOLA;14.3;10.12;11H3;CC 09-066;CAÑA;27/09/2024;4/11/2025;2;1898;133;1888;Esteban Arias;Juan Camilo Ramirez;31/10/2026;CAST;3.275224,-76.243971
2112-401;2; EL NILO AGRICOLA;7;9.76;11H1;CC 05-430;CAÑA;30/11/2023;15/11/2025;3;880;126;868;Esteban Arias;Juan Camilo Ramirez;15/11/2026;CAST;3.275957,-76.247785
2112-402;2; EL NILO AGRICOLA;13.91;10.12;11H1;CC 05-430;CAÑA;12/11/2021;4/11/2025;5;1746;126;1721;Esteban Arias;Juan Camilo Ramirez;31/10/2026;CAST;3.272016,-76.240341
2112-430;2; EL NILO AGRICOLA;12.55;8.94;11H1;CC 05-430;CAÑA;24/11/2019;10/12/2025;7;1559;124;1506;Esteban Arias;Juan Camilo Ramirez;10/12/2026;CAST;3.275088,-76.240466
2112-431;2; EL NILO AGRICOLA;6.05;10.22;11H1;CC 05-430;CAÑA;1/10/2023;1/11/2025;3;792;131;780;Esteban Arias;Juan Camilo Ramirez;29/10/2026;CAST;3.275068,-76.236453
2112-432;2; EL NILO AGRICOLA;6.09;0.69;11H1;CC 09-066;CAÑA;30/08/2022;18/08/2026;5;763;125;635;Esteban Arias;Juan Camilo Ramirez;18/08/2027;CAST;3.272308,-76.236192
2112-434;2; EL NILO AGRICOLA;0.4;3.25;11H1;CC 05-430;CAÑA;24/11/2019;1/06/2026;8;50;124;48;Esteban Arias;Juan Camilo Ramirez;1/06/2027;CAST;3.268967,-76.277787
2112-450;2; EL NILO AGRICOLA;2.45;2.46;11H2;CC 09-535;CAÑA;5/09/2021;25/06/2026;6;311;127;319;Esteban Arias;Juan Camilo Ramirez;25/06/2027;CAST;3.270519,-76.269416
2113-010;2; LAS BRISAS;8.37;13.37;11H4;CC 09-066;CAÑA;28/07/2025;31/12/2024;1;1020;122;744;Esteban Arias;Alexander Muñoz;11/09/2026;CAST;3.270565,-76.265376
2113-012;2; LAS BRISAS;6.06;2.17;24H3;VARIAS;CAÑA;4/07/2026;30/09/2025;1;0;0;630;Esteban Arias;Alexander Muñoz;4/07/2027;CAST;3.270570,-76.260851
2113-020;2; LAS BRISAS;9.28;8.34;11H4;CC 05-430;CAÑA;30/11/2024;28/12/2025;2;821;88;811;Esteban Arias;Alexander Muñoz;28/12/2026;CAST;3.270794,-76.256195
2114-010;2; BOTERO;8.52;6.60;6H3;CC 14-1325;CAÑA;30/01/2025;19/02/2026;2;970;114;980;Esteban Arias;Alexander Muñoz;6/03/2027;CAST;3.270881,-76.254121
2114-011;2; BOTERO;11.24;5.68;6H3;VARIAS;CAÑA;13/02/2025;19/03/2026;2;1280;114;1180;Esteban Arias;Alexander Muñoz;6/04/2027;CAST;3.272122,-76.281058
2114-030;2; BOTERO;3.32;0.00;30H3;RENOVACION;CAÑA;5/05/2015;31/07/2026;1;0;0;0;Esteban Arias;Alexander Muñoz;15/08/2027;CAST;3.271806,-76.278997
2114-031;2; BOTERO;9.91;0.00;30H3;RENOVACION;CAÑA;2/03/2018;31/07/2026;1;0;0;0;Esteban Arias;Alexander Muñoz;15/08/2027;CAST;3.272176,-76.275858
2114-050;2; BOTERO;4.63;0.62;24H4;CC 09-066;CAÑA;12/07/2025;20/08/2026;2;564;122;556;Esteban Arias;Alexander Muñoz;19/09/2027;CAST;3.272182,-76.272908
2114-051;2; BOTERO;5.29;0.69;30H3;CC 09-066;CAÑA;12/07/2025;18/08/2026;2;645;122;514;Esteban Arias;Alexander Muñoz;17/09/2027;CAST;3.273964,-76.271401
2114-052;2; BOTERO;6.09;0.00;24H4;RENOVACION;CAÑA;7/02/2019;3/09/2026;1;0;0;0;Esteban Arias;Alexander Muñoz;18/09/2027;CAST;3.276108,-76.275512
2114-053;2; BOTERO;9.44;0.00;24H3;RENOVACION;CAÑA;22/07/2015;3/09/2026;1;0;0;0;Esteban Arias;Alexander Muñoz;18/09/2027;CAST;3.275609,-76.270403
2114-054;2; BOTERO;1.43;0.00;24H4;RENOVACION;CAÑA;28/12/2015;31/07/2026;1;0;0;0;Esteban Arias;Alexander Muñoz;15/08/2027;CAST;3.274176,-76.262120
2114-060;2; BOTERO;1.88;0.00;30H3;RENOVACION;CAÑA;28/12/2015;31/07/2026;1;0;0;0;Esteban Arias;Alexander Muñoz;15/08/2027;CAST;3.272496,-76.253759
2114-063;2; BOTERO;3.44;0.49;30H3;CC 14-1102;CAÑA;19/06/2025;24/08/2026;2;419;122;413;Esteban Arias;Alexander Muñoz;8/10/2027;CAST;3.273850,-76.254828
2114-065;2; BOTERO;7.77;0.62;30H3;CC 05-430;CAÑA;30/05/2025;20/08/2026;2;885;114;853;Esteban Arias;Alexander Muñoz;23/10/2027;CAST;0
2114-070;2; BOTERO;4.85;1.22;11H4;CC 09-066;CAÑA;11/07/2025;2/08/2026;2;591;122;569;Esteban Arias;Alexander Muñoz;1/09/2027;CAST;3.272458,-76.258635
2114-071;2; BOTERO;3.08;0.49;11H4;CC 09-066;CAÑA;29/06/2025;24/08/2026;2;375;122;362;Esteban Arias;Alexander Muñoz;8/10/2027;CAST;3.272860,-76.255904
2115-010;2; LLOREDA;16.83;1.05;11H2;CC 11-0132;CAÑA;29/09/2022;7/08/2026;5;1989;118;1776;Esteban Arias;Alexander Muñoz;22/08/2027;CAST;0
2115-060;2; LLOREDA;21.13;12.81;11H2;CC 11-0132;CAÑA;27/08/2022;14/08/2025;4;2702;128;2500;Esteban Arias;Alexander Muñoz;13/09/2026;CAST;3.259083,-76.278028
2115-061;2; LLOREDA;5.36;6.41;11H2;CC 09-066;CAÑA;23/01/2025;25/02/2026;2;409;76;590;Esteban Arias;Alexander Muñoz;9/03/2027;CAST;3.260326,-76.281611
2115-080;2; LLOREDA;18.8;11.17;30H2;CC 05-430;CAÑA;25/11/2022;3/10/2025;4;2140;114;2187;Esteban Arias;Alexander Muñoz;2/11/2026;CAST;3.259826,-76.275386
2115-110;2; LLOREDA;6.61;2.27;30H3;CC 05-430;CAÑA;13/04/2023;1/07/2026;4;728;110;764;Esteban Arias;Alexander Muñoz;15/08/2027;CAST;3.261020,-76.267252
2115-120;2; LLOREDA;5.47;7.69;30H3;CC 09-066;CAÑA;17/01/2026;29/08/2025;1;0;0;635;Esteban Arias;Alexander Muñoz;1/02/2027;CAST;3.262654,-76.264950
2115-130;2; LLOREDA;7.72;8.38;11H3;CC 05-430;CAÑA;15/01/2025;27/12/2025;2;956;124;943;Esteban Arias;Alexander Muñoz;27/12/2026;CAST;3.262895,-76.266007
2115-140;2; LLOREDA;19.52;8.57;11H3;CC 05-430;CAÑA;8/01/2025;21/12/2025;2;2418;124;2383;Esteban Arias;Alexander Muñoz;21/12/2026;CAST;3.262462,-76.265852
2115-170;2; LLOREDA;14.1;2.46;11H3;CC 05-430;CAÑA;21/05/2022;25/06/2026;5;1510;107;1537;Esteban Arias;Alexander Muñoz;10/07/2027;CAST;3.262927,-76.281277
2115-173;2; LLOREDA;10.82;2.46;11H3;CC 14-3296;CAÑA;21/05/2022;25/06/2026;5;1188;110;1233;Esteban Arias;Alexander Muñoz;10/07/2027;CAST;3.262809,-76.278530
2115-174;2; LLOREDA;3.19;2.46;11H3;CC 12-2120;CAÑA;21/05/2022;25/06/2026;5;342;107;348;Esteban Arias;Alexander Muñoz;10/07/2027;CAST;3.262730,-76.274863
2115-190;2; LLOREDA;8.1;9.92;30H3;CC 09-066;CAÑA;3/10/2024;10/11/2025;2;962;119;948;Esteban Arias;Alexander Muñoz;29/10/2026;CAST;3.262782,-76.274148
2115-200;2; LLOREDA;2.12;6.37;11H3;CC 12-2120;CAÑA;9/03/2023;26/02/2026;4;223;105;227;Esteban Arias;Alexander Muñoz;28/03/2027;CAST;3.262167,-76.271050
2115-210;2; LLOREDA;12.32;5.26;24H3;CC 05-430;CAÑA;8/01/2020;1/04/2026;7;1312;106;1210;Esteban Arias;Alexander Muñoz;16/04/2027;CAST;3.263841,-76.269240
2115-220;2; LLOREDA;0.6;8.31;24H3;CC 05-430;CAÑA;25/12/2024;29/12/2025;2;74;124;73;Esteban Arias;Alexander Muñoz;29/12/2026;CAST;3.264194,-76.261667
2115-221;2; LLOREDA;9.32;6.70;24H3;CC 09-066;CAÑA;30/01/2025;16/02/2026;2;1154;124;1072;Esteban Arias;Alexander Muñoz;3/03/2027;CAST;0
2115-222;2; LLOREDA;1.57;1.28;24H3;CC 18-1059;CAÑA;31/07/2026;30/12/2025;1;0;0;182;Esteban Arias;Alexander Muñoz;31/07/2027;CAST;3.266217,-76.277499
2115-223;2; LLOREDA;2.55;8.34;24H3;CC 05-430;CAÑA;25/12/2024;28/12/2025;2;316;124;311;Esteban Arias;Alexander Muñoz;28/12/2026;CAST;3.266401,-76.281276
2115-224;2; LLOREDA;3.08;8.34;24H3;CC 09-066;CAÑA;24/01/2025;28/12/2025;2;381;124;376;Esteban Arias;Alexander Muñoz;28/12/2026;CAST;0
2115-250;2; LLOREDA;5.48;1.28;24H3;CC 17-1077;CAÑA;31/07/2026;30/12/2025;1;0;0;636;Esteban Arias;Alexander Muñoz;31/07/2027;CAST;3.267211,-76.279392
2116-010;2; EL PORVENIR;18.45;7.62;30H2;CC 05-430;CAÑA;19/01/2026;25/09/2025;1;1698;92;1698;Esteban Arias;Alexander Muñoz;3/02/2027;CAST;3.265392,-76.279406
2116-014;2; EL PORVENIR;1.36;4.44;30H2;VARIAS;CAÑA;20/03/2024;26/04/2026;3;123;90;88;Esteban Arias;Alexander Muñoz;26/05/2027;CAST;3.267368,-76.273022
2116-015;2; EL PORVENIR;9.06;1.05;30H2;CC 16-3205;CAÑA;7/08/2026;21/07/2026;1;1056;117;983;Esteban Arias;Alexander Muñoz;6/09/2027;CAST;3.266346,-76.274816
2116-030;2; EL PORVENIR;10.25;11.83;7H3;VARIAS;CAÑA;13/09/2025;5/08/2025;1;738;72;1062;Esteban Arias;Alexander Muñoz;13/09/2026;CAST;3.265559,-76.273032
2116-031;2; EL PORVENIR;1.45;13.11;6H2;CC 05-231;CAÑA;24/07/2021;5/08/2025;5;139;96;138;Esteban Arias;Alexander Muñoz;4/09/2026;CAST;3.266245,-76.275951
2116-034;2; EL PORVENIR;0.5;4.44;7H3;CC 11-595;CAÑA;24/10/2020;26/04/2026;7;42;84;45;Esteban Arias;Alexander Muñoz;11/05/2027;CAST;3.266882,-76.269533
2116-035;2; EL PORVENIR;0.8;4.44;7H3;CC 11-595;CAÑA;24/10/2020;26/04/2026;7;80;100;80;Esteban Arias;Alexander Muñoz;26/04/2027;CAST;3.266071,-76.265131
2116-040;2; EL PORVENIR;6.09;1.64;10H4;CC 05-430;CAÑA;10/09/2023;20/07/2026;4;688;113;704;Esteban Arias;Alexander Muñoz;26/07/2027;CAST;3.267263,-76.261665
2116-050;2; EL PORVENIR;13.33;6.54;10H4;CC 12-2120;CAÑA;8/02/2023;21/02/2026;4;1213;91;1200;Esteban Arias;Alexander Muñoz;8/03/2027;CAST;3.267649,-76.258487
2116-070;2; EL PORVENIR;4.78;5.26;7H3;CC 13-2035;CAÑA;31/03/2025;1/04/2026;2;545;114;433;Esteban Arias;Alexander Muñoz;7/04/2027;CAST;3.267737,-76.256265
2116-071;2; EL PORVENIR;13.85;1.68;7H3;CC 11-595;CAÑA;26/07/2022;19/07/2026;5;1524;110;1551;Esteban Arias;Alexander Muñoz;3/08/2027;CAST;3.268335,-76.254135
2116-100;2; EL PORVENIR;6.7;12.16;7H3;CC 11-600;CAÑA;24/09/2019;3/09/2025;7;738;110;728;Esteban Arias;Alexander Muñoz;18/09/2026;CAST;3.284315,-76.278388
2116-101;2; EL PORVENIR;12.32;10.61;7H3;CC 05-430;CAÑA;20/10/2025;8/09/2025;1;1586;129;1563;Esteban Arias;Alexander Muñoz;20/10/2026;CAST;3.283246,-76.276555
2116-110;2; EL PORVENIR;2.37;1.61;6H3;VARIAS;CAÑA;17/04/2024;21/07/2026;3;233;98;178;Esteban Arias;Alexander Muñoz;5/08/2027;CAST;3.278331,-76.274435
2116-112;2; EL PORVENIR;1;1.61;6H3;CC 14-1256;CAÑA;17/04/2024;21/07/2026;3;90;90;75;Esteban Arias;Alexander Muñoz;26/09/2027;CAST;3.281105,-76.273511
2116-120;2; EL PORVENIR;7.83;8.44;10H4;CC 11-606;CAÑA;10/01/2025;25/12/2025;2;970;124;956;Esteban Arias;Alexander Muñoz;25/12/2026;CAST;3.280838,-76.276243
2116-123;2; EL PORVENIR;7.54;1.68;10H4;CC 16-3205;CAÑA;28/06/2025;19/07/2026;2;657;87;829;Esteban Arias;Alexander Muñoz;3/08/2027;CAST;3.281338,-76.270184
2116-125;2; EL PORVENIR;4.08;6.57;10H4;CC 12-2120;CAÑA;8/02/2023;20/02/2026;4;441;108;490;Esteban Arias;Alexander Muñoz;7/03/2027;CAST;3.281113,-76.272112
2116-126;2; EL PORVENIR;3.74;8.41;10H4;CC 12-2120;CAÑA;29/12/2023;26/12/2025;3;414;111;424;Esteban Arias;Alexander Muñoz;26/12/2026;CAST;3.283534,-76.262139
2116-133;2; EL PORVENIR;0.25;3.25;10H4;CC 16-3205;CAÑA;28/06/2025;1/06/2026;2;22;87;25;Esteban Arias;Alexander Muñoz;1/07/2027;CAST;3.281689,-76.266997
2116-150;2; EL PORVENIR;4.88;10.22;10H4;VARIAS;CAÑA;15/01/2022;1/11/2025;5;544;111;537;Esteban Arias;Alexander Muñoz;1/11/2026;CAST;3.282858,-76.252460
2116-152;2; EL PORVENIR;4.79;8.41;10H4;CC 12-2120;CAÑA;16/12/2023;26/12/2025;3;536;112;529;Esteban Arias;Alexander Muñoz;26/12/2026;CAST;3.280307,-76.252671
2116-153;2; EL PORVENIR;4.75;11.96;10H4;CC 11-606;CAÑA;5/10/2024;9/09/2025;2;561;118;553;Esteban Arias;Alexander Muñoz;24/09/2026;CAST;3.286143,-76.277776
2116-155;2; EL PORVENIR;4.85;8.44;10H4;CC 11-606;CAÑA;24/01/2025;25/12/2025;2;601;124;592;Esteban Arias;Alexander Muñoz;25/12/2026;CAST;3.285896,-76.273455
2116-170;2; EL PORVENIR;18.52;5.26;7H3;CC 11-600;CAÑA;12/02/2020;1/04/2026;7;1781;96;1610;Esteban Arias;Alexander Muñoz;16/04/2027;CAST;3.285142,-76.268622
2116-190;2; EL PORVENIR;24.42;1.64;7H3;CC 05-430;CAÑA;5/08/2022;20/07/2026;5;2986;122;3047;Esteban Arias;Alexander Muñoz;1/08/2027;CAST;3.289355,-76.262384
2116-210;2; EL PORVENIR;17.62;6.60;24H3;CC 11-595;CAÑA;1/02/2020;19/02/2026;7;1769;100;1797;Esteban Arias;Alexander Muñoz;6/03/2027;CAST;3.287150,-76.262946
2116-220;2; EL PORVENIR;9.02;6.51;30H2;CC 09-066;CAÑA;14/02/2025;22/02/2026;2;1117;124;992;Esteban Arias;Alexander Muñoz;22/02/2027;CAST;3.286583,-76.261467
2116-230;2; EL PORVENIR;9.18;8.38;24H3;CC 05-430;CAÑA;11/01/2025;27/12/2025;2;1137;124;1121;Esteban Arias;Alexander Muñoz;27/12/2026;CAST;3.286804,-76.265468
2116-240;2; EL PORVENIR;6.17;2.27;24H3;CC 12-2120;CAÑA;26/03/2023;1/07/2026;4;632;102;470;Esteban Arias;Alexander Muñoz;15/08/2027;CAST;3.237967,-76.316226
2117-010;2; LA UNION;4.63;2.46;11H2;CC 11-0132;CAÑA;25/07/2023;25/06/2026;4;594;128;637;Esteban Arias;Juan Camilo Ramirez;1/07/2027;CAST;3.234525,-76.315867
2117-020;2; LA UNION;12.3;1.05;11H2;CC 05-430;CAÑA;4/09/2023;7/08/2026;4;1610;131;1327;Esteban Arias;Juan Camilo Ramirez;16/08/2027;CAST;3.235561,-76.317593
2117-030;2; LA UNION;2.3;6.47;11H3;CC 09-066;CAÑA;18/01/2025;23/02/2026;2;262;114;239;Esteban Arias;Juan Camilo Ramirez;10/03/2027;CAST;3.234016,-76.317852
2117-032;2; LA UNION;6.18;2.27;11H3;CC 11-0132;CAÑA;8/06/2025;1/07/2026;2;877;142;646;Esteban Arias;Juan Camilo Ramirez;15/08/2027;CAST;0
2117-033;2; LA UNION;15.03;2.27;11H3;CC 09-066;CAÑA;7/06/2025;1/07/2026;2;2133;142;1611;Esteban Arias;Juan Camilo Ramirez;31/07/2027;CAST;3.235625,-76.298230
2117-040;2; LA UNION;14.24;11.17;11H2;CC 05-430;CAÑA;30/11/2022;3/10/2025;4;1532;108;1511;Esteban Arias;Juan Camilo Ramirez;2/11/2026;CAST;3.237079,-76.297410
2117-041;2; LA UNION;15.47;1.35;11H2;VARIAS;SEMILLA;2/05/2024;29/07/2026;3;1718;111;1718;Esteban Arias;Juan Camilo Ramirez;29/05/2027;CAST;3.233574,-76.295225
2117-051;2; LA UNION;6;8.44;11H2;CC 05-430;CAÑA;4/01/2022;25/12/2025;5;576;96;592;Esteban Arias;Juan Camilo Ramirez;25/12/2026;CAST;3.236401,-76.293073
2117-052;2; LA UNION;28.88;8.48;11H2;CC 05-430;CAÑA;9/01/2022;24/12/2025;5;2958;102;2964;Esteban Arias;Juan Camilo Ramirez;24/12/2026;CAST;3.245229,-76.310682
2117-060;2; LA UNION;5;8.54;18H2;CC 05-430;CAÑA;6/04/2021;22/12/2025;6;519;104;512;Esteban Arias;Juan Camilo Ramirez;22/12/2026;CAST;3.242918,-76.308041
2117-062;2; LA UNION;9.99;8.51;18H2;CC 05-430;CAÑA;8/04/2021;23/12/2025;6;1037;104;1023;Esteban Arias;Juan Camilo Ramirez;23/12/2026;CAST;3.245822,-76.306828
2117-070;2; LA UNION;4.8;0.56;11H2;CC 09-066;CAÑA;22/08/2024;22/08/2026;3;656;137;615;Esteban Arias;Juan Camilo Ramirez;6/09/2027;CAST;3.244863,-76.305224
2117-080;2; LA UNION;8.88;0.39;11H3;VARIAS;CAÑA;17/08/2024;27/08/2026;3;1179;133;1127;Esteban Arias;Juan Camilo Ramirez;5/09/2027;CAST;3.241188,-76.305929
2117-090;2; LA UNION;9;8.48;11H2;VARIAS;CAÑA;17/01/2025;24/12/2025;2;1025;114;959;Esteban Arias;Juan Camilo Ramirez;24/12/2026;CAST;3.240808,-76.298545
2117-091;2; LA UNION;4.42;8.57;11H2;CC 01-1940;CAÑA;7/08/2019;21/12/2025;7;407;92;393;Esteban Arias;Juan Camilo Ramirez;21/12/2026;CAST;3.241403,-76.300590
2117-092;2; LA UNION;4.54;8.61;11H3;CC 09-066;CAÑA;29/11/2024;20/12/2025;2;545;120;470;Esteban Arias;Juan Camilo Ramirez;20/12/2026;CAST;3.241063,-76.287139
2117-094;2; LA UNION;3.07;8.57;11H3;CC 05-430;CAÑA;17/01/2025;21/12/2025;2;380;124;318;Esteban Arias;Juan Camilo Ramirez;21/12/2026;CAST;3.250609,-76.306741
2117-097;2; LA UNION;8.46;11.20;11H2;CC 05-430;CAÑA;16/07/2023;2/10/2025;3;1096;130;1042;Esteban Arias;Juan Camilo Ramirez;1/11/2026;CAST;3.249825,-76.308636
2118-010;2; SAN GABRIEL;6.63;9.95;11H2;CC 05-430;CAÑA;22/04/2020;9/11/2025;7;637;96;629;Esteban Arias;Eyder Valencia;9/11/2026;CAST;0
2118-011;2; SAN GABRIEL;7.07;5.68;11H2;CC 11-595;CAÑA;20/04/2020;19/03/2026;8;680;96;680;Esteban Arias;Eyder Valencia;19/03/2027;CAST;3.250111,-76.305369
2118-012;2; SAN GABRIEL;2;5.68;11H2;CC 11-595;CAÑA;20/04/2020;19/03/2026;8;151;76;151;Esteban Arias;Eyder Valencia;25/03/2027;CAST;3.255335,-76.233441
2118-017;2; SAN GABRIEL;3.62;5.68;11H2;CC 11-595;CAÑA;20/04/2020;19/03/2026;7;311;86;311;Esteban Arias;Eyder Valencia;19/03/2027;CAST;0
2118-018;2; SAN GABRIEL;2.1;5.68;11H2;CC 11-595;CAÑA;20/04/2020;19/03/2026;8;164;78;164;Esteban Arias;Eyder Valencia;19/03/2027;CAST;3.254381,-76.232367
2118-020;2; SAN GABRIEL;10.08;1.48;11H2;CC 16-3205;CAÑA;24/07/2025;25/07/2026;2;1228;122;1213;Esteban Arias;Eyder Valencia;25/07/2027;CAST;3.254840,-76.236896
2118-025;2; SAN GABRIEL;5.56;8.31;11H2;CC 11-606;CAÑA;14/02/2025;29/12/2025;2;633;114;624;Esteban Arias;Eyder Valencia;29/12/2026;CAST;3.254610,-76.246247
2118-030;2; SAN GABRIEL;11.15;5.91;6H3;CC 11-595;CAÑA;24/06/2023;12/03/2026;4;1226;110;1226;Esteban Arias;Eyder Valencia;12/03/2027;CAST;3.257850,-76.238995
2118-040;2; SAN GABRIEL;5.71;1.48;11H3;VARIAS;CAÑA;13/08/2020;25/07/2026;7;549;96;563;Esteban Arias;Eyder Valencia;25/07/2027;CAST;3.256117,-76.244581
2118-050;2; SAN GABRIEL;11.42;6.24;11H2;CC 11-595;CAÑA;19/08/2022;2/03/2026;5;1107;97;1107;Esteban Arias;Eyder Valencia;2/03/2027;CAST;3.260024,-76.237090
2118-060;2; SAN GABRIEL;20.77;2.17;11H3;VARIAS;CAÑA;16/09/2022;4/07/2026;5;2179;105;1949;Esteban Arias;Eyder Valencia;4/07/2027;CAST;3.258839,-76.241837
2118-065;2; SAN GABRIEL;1.82;1.05;11H3;CC 11-595;CAÑA;9/07/2023;7/08/2026;4;206;113;197;Esteban Arias;Eyder Valencia;22/08/2027;CAST;3.257945,-76.245043
2118-070;2; SAN GABRIEL;11.54;1.51;11H3;CC 11-595;CAÑA;25/07/2023;24/07/2026;4;1281;111;1310;Esteban Arias;Eyder Valencia;8/08/2027;CAST;0
2118-071;2; SAN GABRIEL;5.85;2.17;11H3;CC 11-595;CAÑA;16/07/2023;4/07/2026;4;631;108;577;Esteban Arias;Eyder Valencia;10/07/2027;CAST;3.256525,-76.248915
2118-080;2; SAN GABRIEL;4.43;2.14;11H2;CC 11-595;CAÑA;8/09/2022;5/07/2026;5;452;102;423;Esteban Arias;Eyder Valencia;19/08/2027;CAST;3.261342,-76.237690
2118-081;2; SAN GABRIEL;12.63;8.28;11H2;CC 12-2120;CAÑA;19/02/2024;30/12/2025;3;1298;103;1281;Esteban Arias;Eyder Valencia;30/12/2026;CAST;3.260850,-76.240607
2118-090;2; SAN GABRIEL;2.8;12.75;6H3;CC 05-430;CAÑA;16/08/2025;27/07/2025;1;341;122;325;Esteban Arias;Eyder Valencia;15/09/2026;CAST;3.260265,-76.244496
2118-100;2; SAN GABRIEL;8.1;5.52;18H4;CC 11-595;CAÑA;28/07/2023;24/03/2026;4;874;108;874;Esteban Arias;Eyder Valencia;24/03/2027;CAST;3.260308,-76.248542
2118-101;2; SAN GABRIEL;3;8.25;18H4;CC 11-606;CAÑA;6/07/2023;31/12/2025;4;247;82;244;Esteban Arias;Eyder Valencia;31/12/2026;CAST;3.260936,-76.255457
2118-104;2; SAN GABRIEL;2.83;11.43;18H4;CC 11-606;CAÑA;6/07/2023;25/09/2025;3;233;82;231;Esteban Arias;Eyder Valencia;25/09/2026;CAST;3.262617,-76.264043
2118-110;2; SAN GABRIEL;10.52;5.55;18H4;CC 11-606;CAÑA;9/07/2023;23/03/2026;4;1094;104;1094;Esteban Arias;Eyder Valencia;20/03/2027;CAST;3.261316,-76.260577
2129-010;2;  EL REPORTE (D);3.61;0.00;24H4;RENOVACION;VENDIDA;28/09/2009;18/11/2024;1;0;0;406;Esteban Arias;Alexander Muñoz;18/11/2024;CAST;3.255965,-76.256200
2129-011;2;  EL REPORTE (D);3.67;0.00;6H3;RENOVACION;VENDIDA;4/07/2009;31/01/2025;1;0;0;413;Esteban Arias;Alexander Muñoz;31/01/2025;CAST;3.258484,-76.258901
2129-020;2;  EL REPORTE (D);3.13;0.00;24H4;RENOVACION;VENDIDA;4/04/2011;18/11/2024;1;0;0;352;Esteban Arias;Alexander Muñoz;18/11/2024;CAST;3.258491,-76.254899
2129-030;2;  EL REPORTE (D);13.89;13.50;24H4;CC 09-066;CAÑA;24/07/2025;9/01/2025;1;1692;122;895;Esteban Arias;Alexander Muñoz;7/09/2026;CAST;3.257907,-76.262358
2129-044;2;  EL REPORTE (D);10.78;0.00;6H2;RENOVACION;CAÑA;7/03/2014;3/09/2026;1;0;0;0;Esteban Arias;Alexander Muñoz;18/09/2027;CAST;3.258507,-76.265470
2129-050;2;  EL REPORTE (D);7.84;12.19;6H2;CC 05-430;CAÑA;25/07/2024;2/09/2025;2;867;111;855;Esteban Arias;Alexander Muñoz;17/09/2026;CAST;3.254998,-76.266395
2129-060;2;  EL REPORTE (D);10.44;1.18;6H3;CC 09-066;CAÑA;16/06/2025;3/08/2026;2;1272;122;903;Esteban Arias;Alexander Muñoz;3/10/2027;CAST;3.255607,-76.267821
2129-070;2;  EL REPORTE (D);3.25;4.37;6H2;CC 14-1108;CAÑA;8/02/2025;28/04/2026;2;370;114;293;Esteban Arias;Alexander Muñoz;28/06/2027;CAST;3.255373,-76.264914
2129-080;2;  EL REPORTE (D);3.45;8.28;24H4;CC 05-430;SEMILLA;23/12/2024;30/12/2025;2;393;114;387;Esteban Arias;Alexander Muñoz;30/10/2026;CAST;3.255966,-76.258516
2129-090;2;  EL REPORTE (D);11.08;7.46;24H4;CC 05-430;CAÑA;24/01/2026;27/06/2025;1;1261;114;1261;Esteban Arias;Alexander Muñoz;8/02/2027;CAST;3.255719,-76.260995
2129-100;2;  EL REPORTE (D);3.39;7.79;24H3;CC 17-1077;CAÑA;14/01/2026;31/08/2025;1;386;114;386;Esteban Arias;Alexander Muñoz;29/01/2027;CAST;3.258292,-76.251484
2129-101;2;  EL REPORTE (D);1.32;0.00;24H3;RENOVACION;CAÑA;8/07/2009;15/09/2025;1;150;114;150;Esteban Arias;Alexander Muñoz;30/09/2026;CAST;3.252170,-76.256189
2129-110;2;  EL REPORTE (D);14.23;12.22;6H2;VARIAS;CAÑA;31/07/2024;1/09/2025;2;1643;115;1620;Esteban Arias;Alexander Muñoz;16/09/2026;CAST;3.253287,-76.258337
2129-120;2;  EL REPORTE (D);5.29;4.44;24H4;CC 11-606;CAÑA;23/04/2025;26/04/2026;2;602;114;602;Esteban Arias;Alexander Muñoz;26/04/2027;CAST;3.253180,-76.263261
2129-121;2;  EL REPORTE (D);7.3;3.91;24H4;VARIAS;CAÑA;30/04/2025;12/05/2026;2;831;114;831;Esteban Arias;Alexander Muñoz;27/05/2027;CAST;3.252975,-76.261186
2129-130;2;  EL REPORTE (D);12.49;3.88;6H2;VARIAS;CAÑA;30/04/2025;13/05/2026;2;1422;114;1422;Esteban Arias;Alexander Muñoz;28/05/2027;CAST;3.253240,-76.266740
2129-140;2;  EL REPORTE (D);10.2;1.77;6H2;VARIAS;CAÑA;17/08/2024;16/07/2026;3;978;96;978;Esteban Arias;Alexander Muñoz;16/07/2027;CAST;3.250251,-76.257269
2695-151;2; PALERMO;30.11;1.12;6H2;VARIAS;CAÑA;31/08/2023;5/08/2026;4;3157;105;2535;Esteban Arias;Alexander Muñoz;20/08/2027;CAST;3.249549,-76.262981
2695-160;2; PALERMO;3;8.74;6H3;CC 11-595;CAÑA;23/10/2020;16/12/2025;6;258;86;247;Esteban Arias;Alexander Muñoz;31/12/2026;CAST;3.250687,-76.262268
2695-161;2; PALERMO;10.1;0.39;6H3;CC 16-3205;CAÑA;27/08/2026;4/08/2026;1;948;94;936;Esteban Arias;Alexander Muñoz;11/09/2027;CAST;3.250859,-76.265070
2695-170;2; PALERMO;7.53;11.53;11H2;CC 05-430;CAÑA;22/09/2025;16/05/2025;1;857;114;854;Esteban Arias;Alexander Muñoz;28/09/2026;CAST;3.250741,-76.268596
2695-180;2; PALERMO;9.73;13.08;6H3;VARIAS;CAÑA;20/03/2021;6/08/2025;5;737;76;691;Esteban Arias;Alexander Muñoz;5/09/2026;CAST;3.241283,-76.241834
2695-181;2; PALERMO;8.08;11.27;6H3;CC 18-3021;CAÑA;30/09/2025;16/05/2025;1;920;114;916;Esteban Arias;Alexander Muñoz;30/09/2026;CAST;3.238160,-76.238075
2695-190;2; PALERMO;18.3;7.26;6H4;VARIAS;CAÑA;30/01/2026;5/08/2025;1;2105;115;1684;Esteban Arias;Alexander Muñoz;14/02/2027;CAST;3.239689,-76.242554
2695-200;2; PALERMO;13.97;8.74;6H4;CC 11-595;CAÑA;30/09/2021;16/12/2025;5;1659;119;1584;Esteban Arias;Alexander Muñoz;16/12/2026;CAST;3.238996,-76.241721
2695-201;2; PALERMO;2.05;13.90;6H4;CC 11-595;CAÑA;23/07/2021;12/07/2025;5;180;88;178;Esteban Arias;Alexander Muñoz;11/09/2026;CAST;3.237851,-76.244429
2695-203;2; PALERMO;5.01;5.26;6H4;CC 11-595;CAÑA;4/11/2020;1/04/2026;6;365;73;358;Esteban Arias;Alexander Muñoz;16/05/2027;CAST;3.236342,-76.241530
2695-204;2; PALERMO;1.66;10.91;6H4;CC 12-2120;CAÑA;8/12/2023;11/10/2025;3;168;101;148;Esteban Arias;Alexander Muñoz;11/10/2026;CAST;3.234593,-76.241452
2695-210;2; PALERMO;6.71;12.91;6H3;VARIAS;CAÑA;13/10/2022;11/08/2025;4;533;79;506;Esteban Arias;Alexander Muñoz;10/09/2026;CAST;3.235827,-76.246182
2695-211;2; PALERMO;4.84;8.74;6H3;VARIAS;CAÑA;7/08/2021;16/12/2025;5;416;86;411;Esteban Arias;Alexander Muñoz;16/12/2026;CAST;3.234302,-76.255871
2695-212;2; PALERMO;2.82;7.29;6H3;CC 16-3205;CAÑA;29/01/2026;29/08/2025;1;0;0;282;Esteban Arias;Alexander Muñoz;13/02/2027;CAST;3.232993,-76.252463
2695-220;2; PALERMO;6.21;13.90;10H2;CC 11-0132;CAÑA;2/06/2023;12/07/2025;3;512;82;490;Esteban Arias;Alexander Muñoz;11/09/2026;CAST;3.232683,-76.254361
2695-221;2; PALERMO;9.12;11.53;10H2;CC 11-595;CAÑA;31/08/2022;22/09/2025;4;724;79;716;Esteban Arias;Alexander Muñoz;28/09/2026;CAST;3.232833,-76.256755
2695-230;2; PALERMO;8.25;11.96;6H2;CC 12-2120;CAÑA;17/09/2023;9/09/2025;3;947;115;954;Esteban Arias;Alexander Muñoz;24/09/2026;CAST;3.233970,-76.253804
2695-231;2; PALERMO;8.62;11.56;6H2;VARIAS;CAÑA;17/09/2023;21/09/2025;3;710;82;702;Esteban Arias;Alexander Muñoz;30/09/2026;CAST;3.234976,-76.251999
2695-240;2; PALERMO;12.69;12.75;23H3;CC 15-3059;SEMILLA;16/08/2025;27/07/2025;1;1546;122;1556;Esteban Arias;Alexander Muñoz;3/09/2026;CAST;3.235158,-76.251011
2695-250;2; PALERMO;10.43;8.57;10H5;CC 05-430;CAÑA;4/12/2024;21/12/2025;2;1281;123;1285;Esteban Arias;Alexander Muñoz;21/12/2026;CAST;3.232655,-76.251097
2695-260;2; PALERMO;4.19;8.71;32H4;CC 12-2120;CAÑA;28/12/2023;17/12/2025;3;280;67;414;Esteban Arias;Alexander Muñoz;26/12/2026;CAST;3.237054,-76.252090
2695-261;2; PALERMO;5.28;10.32;10H5;CC 01-1940;CAÑA;10/02/2012;29/10/2025;15;433;82;444;Esteban Arias;Alexander Muñoz;29/10/2026;CAST;3.237967,-76.249428
2695-270;2; PALERMO;1.71;4.90;11H2;CC 05-430;CAÑA;26/08/2021;12/04/2026;6;221;129;162;Esteban Arias;Alexander Muñoz;12/04/2027;CAST;3.239076,-76.253833
2695-273;2; PALERMO;26.42;0.30;11H2;CC 05-430;CAÑA;26/08/2021;30/08/2026;6;3419;129;2996;Esteban Arias;Alexander Muñoz;14/09/2027;CAST;3.239834,-76.250693
2696-010;2; LAS CANAS;10.34;1.81;11H3;CC 05-430;CAÑA;18/06/2025;15/07/2026;2;1260;122;1260;Esteban Arias;Alexander Muñoz;30/07/2027;CAST;3.240921,-76.245869
2696-012;2; LAS CANAS;2.31;2.27;6H3;CC 05-430;CAÑA;7/06/2025;1/07/2026;2;281;122;287;Esteban Arias;Alexander Muñoz;31/07/2027;CAST;3.241623,-76.250275
2696-020;2; LAS CANAS;4.4;4.14;6H4;CC 05-430;CAÑA;24/07/2020;5/05/2026;7;328;75;396;Esteban Arias;Alexander Muñoz;10/06/2027;CAST;3.242388,-76.246315
2696-021;2; LAS CANAS;1.52;8.61;6H4;CC 05-430;CAÑA;24/07/2020;20/12/2025;6;150;99;148;Esteban Arias;Alexander Muñoz;20/12/2026;CAST;3.241836,-76.256429
2696-030;2; LAS CANAS;9.13;0.00;11H2;RENOVACION;OTROS CULTIVOS;20/02/2018;22/12/2023;7;0;0;0;Esteban Arias;Alexander Muñoz;22/12/2023;CAST;3.240306,-76.257081
2696-040;2; LAS CANAS;5.94;0.00;11H3;RENOVACION;OTROS CULTIVOS;24/08/2020;23/05/2023;4;0;0;0;Esteban Arias;Alexander Muñoz;23/05/2023;CAST;3.244888,-76.254817
2696-051;2; LAS CANAS;2.86;0.00;11H3;RENOVACION;OTROS CULTIVOS;9/05/2018;22/05/2023;6;0;0;0;Esteban Arias;Alexander Muñoz;22/05/2023;CAST;3.244539,-76.257260
2696-060;2; LAS CANAS;10.48;0.00;11H2;RENOVACION;OTROS CULTIVOS;9/12/2016;22/12/2023;8;0;0;0;Esteban Arias;Alexander Muñoz;22/12/2023;CAST;3.151293,-76.338840
2696-070;2; LAS CANAS;4;4.90;18H2;CC 05-430;CAÑA;17/07/2024;12/04/2026;3;454;114;284;Esteban Arias;Alexander Muñoz;12/04/2027;CAST;3.149752,-76.341539
2696-072;2; LAS CANAS;4.95;13.73;18H2;CC 05-430;CAÑA;17/07/2025;25/06/2025;1;603;122;527;Esteban Arias;Alexander Muñoz;16/09/2026;CAST;3.152328,-76.339610
2696-073;2; LAS CANAS;1.17;8.38;18H2;CC 11-0132;CAÑA;6/12/2023;27/12/2025;3;112;95;107;Esteban Arias;Alexander Muñoz;27/12/2026;CAST;3.156105,-76.337025
2696-075;2; LAS CANAS;3.25;4.90;18H2;CC 05-430;CAÑA;16/07/2021;12/04/2026;6;393;121;234;Esteban Arias;Alexander Muñoz;12/04/2027;CAST;3.115856,-76.317978
2696-078;2; LAS CANAS;2.93;5.26;18H2;CC 05-430;CAÑA;17/07/2025;1/04/2026;2;357;122;166;Esteban Arias;Alexander Muñoz;1/04/2027;CAST;3.116495,-76.315281
2696-080;2; LAS CANAS;4.2;11.99;18H2;CC 09-066;CAÑA;13/07/2024;8/09/2025;2;464;111;423;Esteban Arias;Alexander Muñoz;23/09/2026;CAST;3.117687,-76.314874
2696-081;2; LAS CANAS;5.88;5.42;18H2;CC 05-430;CAÑA;27/03/2026;9/02/2026;1;389;66;423;Esteban Arias;Alexander Muñoz;26/04/2027;CAST;3.120716,-76.316778
2696-082;2; LAS CANAS;4.83;8.28;18H2;SP 71-6949;CAÑA;28/02/2018;30/12/2025;10;327;68;324;Esteban Arias;Alexander Muñoz;30/12/2026;CAST;3.119895,-76.319694
2696-091;2; LAS CANAS;14.28;8.41;11H3;CC 00-3257;CAÑA;30/01/2017;26/12/2025;10;1099;77;1130;Esteban Arias;Alexander Muñoz;26/12/2026;CAST;3.122258,-76.319304
2696-100;2; LAS CANAS;8.83;8.48;11H3;CC 00-3257;CAÑA;29/07/2018;24/12/2025;9;670;76;663;Esteban Arias;Alexander Muñoz;24/12/2026;CAST;3.124447,-76.321696
2696-101;2; LAS CANAS;7.57;8.38;18H2;VARIAS;CAÑA;19/02/2020;27/12/2025;7;567;75;561;Esteban Arias;Alexander Muñoz;27/12/2026;CAST;3.124599,-76.324232
2696-110;2; LAS CANAS;13.93;4.99;11H3;CC 09-066;CAÑA;9/04/2026;23/02/2026;1;1057;76;1184;Esteban Arias;Alexander Muñoz;24/04/2027;CAST;3.127332,-76.329282
2696-120;2; LAS CANAS;4.34;6.24;11H2;CC 09-066;CAÑA;22/01/2025;2/03/2026;2;494;114;456;Esteban Arias;Alexander Muñoz;16/04/2027;CAST;3.127319,-76.323103
2696-121;2; LAS CANAS;7.4;6.93;11H2;CC 09-066;CAÑA;7/02/2025;9/02/2026;2;842;114;777;Esteban Arias;Alexander Muñoz;9/02/2027;CAST;3.127073,-76.323163
2696-130;2; LAS CANAS;4.92;9.30;29H3;CC 05-430;CAÑA;2/02/2021;29/11/2025;6;584;119;510;Esteban Arias;Alexander Muñoz;29/11/2026;CAST;3.129721,-76.331792
2696-140;2; LAS CANAS;7;6.93;11H2;CC 05-430;CAÑA;2/12/2019;9/02/2026;7;816;117;805;Esteban Arias;Alexander Muñoz;24/02/2027;CAST;3.129475,-76.326886
2696-141;2; LAS CANAS;3.83;9.30;15H2;CC 05-430;CAÑA;27/08/2023;29/11/2025;3;433;113;438;Esteban Arias;Alexander Muñoz;29/11/2026;CAST;3.128794,-76.330206
2696-150;2; LAS CANAS;14.18;11.14;26H3;CC 05-430;CAÑA;26/01/2022;4/10/2025;5;1731;122;1678;Esteban Arias;Alexander Muñoz;3/11/2026;CAST;3.130848,-76.329864
2696-151;2; LAS CANAS;8.07;2.10;26H3;CC 05-430;CAÑA;26/07/2021;6/07/2026;6;1005;125;855;Esteban Arias;Alexander Muñoz;21/07/2027;CAST;3.131600,-76.327094
2119-010;3; EL TAMBORAL;5.86;0.00;10H5;RENOVACION;OTROS CULTIVOS;4/09/2015;7/02/2024;9;0;0;0;Jhon Jairo Correa;Adolfo León Lucumi;7/02/2024;CAST;3.246980,-76.371309
2119-011;3; EL TAMBORAL;5.32;0.00;10H5;RENOVACION;OTROS CULTIVOS;4/09/2015;1/02/2022;7;277;52;281;Jhon Jairo Correa;Adolfo León Lucumi;1/02/2022;CAST;3.250412,-76.373625
2119-013;3; EL TAMBORAL;1.5;0.00;10H5;RENOVACION;OTROS CULTIVOS;4/09/2015;1/12/2023;9;0;0;0;Jhon Jairo Correa;Adolfo León Lucumi;1/12/2023;CAST;3.267633,-76.419321
2119-030;3; EL TAMBORAL;13.53;0.00;6H4;RENOVACION;OTROS CULTIVOS;3/09/2015;8/02/2024;9;0;0;0;Jhon Jairo Correa;Adolfo León Lucumi;8/02/2024;CAST;3.266753,-76.419105
2120-010;3; VISTA HERMOSA;12.21;0.00;1H1;RENOVACION;OTROS CULTIVOS;23/07/2016;31/08/2017;1;490;40;498;Jhon Jairo Correa;-;31/08/2017;CAST;3.265931,-76.412122
2120-020;3; VISTA HERMOSA;4.63;0.00;6H3;RENOVACION;OTROS CULTIVOS;13/05/2015;20/07/2018;1;186;40;189;Jhon Jairo Correa;-;20/07/2018;CAST;3.266085,-76.414085
2120-021;3; VISTA HERMOSA;1.86;0.00;6H3;RENOVACION;OTROS CULTIVOS;8/06/2015;16/09/2018;1;75;40;76;Jhon Jairo Correa;-;16/09/2018;CAST;3.265807,-76.409418
2120-030;3; VISTA HERMOSA;2.04;0.00;1H4;RENOVACION;OTROS CULTIVOS;1/06/2015;30/06/2018;1;82;40;83;Jhon Jairo Correa;-;30/06/2018;CAST;3.271409,-76.424015
2120-031;3; VISTA HERMOSA;11.69;0.00;1H4;RENOVACION;OTROS CULTIVOS;24/05/2016;1/09/2018;1;1316;113;1337;Jhon Jairo Correa;-;1/09/2018;CAST;3.269690,-76.421420
2120-040;3; VISTA HERMOSA;14.78;0.00;5H5;RENOVACION;OTROS CULTIVOS;27/05/2016;30/10/2018;1;1649;112;1677;Jhon Jairo Correa;-;30/10/2018;CAST;3.272211,-76.420417
2120-050;3; VISTA HERMOSA;12.99;0.00;10H5;RENOVACION;OTROS CULTIVOS;22/09/2016;15/08/2016;1;1847;142;1877;Jhon Jairo Correa;-;22/09/2016;CAST;3.271832,-76.421699
2120-051;3; VISTA HERMOSA;2.75;0.00;10H5;RENOVACION;OTROS CULTIVOS;14/09/2016;14/08/2016;1;391;142;397;Jhon Jairo Correa;-;14/09/2016;CAST;3.274049,-76.420689
2120-060;3; VISTA HERMOSA;7.28;0.00;10H5;RENOVACION;OTROS CULTIVOS;11/02/2013;9/10/2019;7;997;137;1013;Jhon Jairo Correa;-;9/10/2019;CAST;3.271464,-76.418197
2120-061;3; VISTA HERMOSA;1.78;0.00;10H5;RENOVACION;OTROS CULTIVOS;1/08/2014;20/10/2019;6;199;112;202;Jhon Jairo Correa;-;20/10/2019;CAST;3.271117,-76.416064
2120-062;3; VISTA HERMOSA;10.88;0.00;10H5;RENOVACION;OTROS CULTIVOS;30/10/2012;1/11/2019;7;1272;117;1293;Jhon Jairo Correa;-;1/11/2019;CAST;0
2120-070;3; VISTA HERMOSA;2.71;0.00;10H5;RENOVACION;OTROS CULTIVOS;1/08/2014;9/11/2019;6;314;116;319;Jhon Jairo Correa;-;9/11/2019;CAST;3.270355,-76.411403
2120-071;3; VISTA HERMOSA;20.39;0.00;10H5;RENOVACION;OTROS CULTIVOS;15/12/2006;1/12/2019;13;2469;121;2510;Jhon Jairo Correa;-;1/12/2019;CAST;3.269149,-76.408145
2120-072;3; VISTA HERMOSA;2.64;0.00;10H5;RENOVACION;OTROS CULTIVOS;22/01/2013;9/10/2019;7;336;127;341;Jhon Jairo Correa;-;9/10/2019;CAST;0
2120-080;3; VISTA HERMOSA;1.66;0.00;10H5;RENOVACION;OTROS CULTIVOS;1/08/2014;1/12/2019;6;180;108;183;Jhon Jairo Correa;-;1/12/2019;CAST;3.270313,-76.404581
2120-081;3; VISTA HERMOSA;16.82;0.00;10H5;RENOVACION;OTROS CULTIVOS;23/02/2013;10/10/2019;7;1288;77;1309;Jhon Jairo Correa;-;10/10/2019;CAST;3.270370,-76.404580
2122-160;3; EL CHONTAL;3.67;10.35;11H3;CC 05-430;CAÑA;30/11/2023;28/10/2025;3;449;122;456;Jhon Jairo Correa;Octavio Vargas;28/10/2026;CAST;3.269818,-76.398011
2122-161;3; EL CHONTAL;4.11;10.38;11H3;CC 05-430;CAÑA;30/11/2023;27/10/2025;3;503;122;510;Jhon Jairo Correa;Octavio Vargas;27/10/2026;CAST;3.269195,-76.401811
2123-010;3; SANTA HELENA;3.44;8.94;10H2;VARIAS;CAÑA;7/02/2024;10/12/2025;3;410;119;404;Jhon Jairo Correa;Octavio Vargas;10/12/2026;CAST;3.277218,-76.419625
2123-013;3; SANTA HELENA;8.73;2.17;10H2;CC 05-430;CAÑA;7/02/2024;4/07/2026;3;1173;134;933;Jhon Jairo Correa;Octavio Vargas;4/07/2027;CAST;3.276850,-76.415945
2123-020;3; SANTA HELENA;4.84;2.27;11H2;CC 05-430;CAÑA;20/03/2024;1/07/2026;3;636;131;740;Jhon Jairo Correa;Octavio Vargas;16/07/2027;CAST;3.275938,-76.410238
2123-021;3; SANTA HELENA;3.71;2.27;11H2;CC 05-430;CAÑA;20/03/2024;1/07/2026;3;506;136;460;Jhon Jairo Correa;Octavio Vargas;16/07/2027;CAST;3.275483,-76.412852
2123-030;3; SANTA HELENA;3.3;9.17;11H2;CC 85-92;CAÑA;27/08/2012;3/12/2025;13;459;139;348;Jhon Jairo Correa;Octavio Vargas;9/12/2026;CAST;0
2123-040;3; SANTA HELENA;6.14;8.94;10H3;CC 11-595;CAÑA;14/10/2022;10/12/2025;4;776;126;648;Jhon Jairo Correa;Octavio Vargas;10/12/2026;CAST;3.275787,-76.407905
2123-050;3; SANTA HELENA;9.49;2.27;10H3;CC 12-2120;CAÑA;31/01/2024;1/07/2026;3;1275;134;866;Jhon Jairo Correa;Octavio Vargas;16/07/2027;CAST;3.273415,-76.405144
2123-051;3; SANTA HELENA;4.89;8.97;10H3;CC 11-606;CAÑA;31/01/2024;9/12/2025;3;583;119;540;Jhon Jairo Correa;Octavio Vargas;9/12/2026;CAST;3.276460,-76.405309
2123-052;3; SANTA HELENA;4.99;2.27;10H3;CC 11-606;CAÑA;31/01/2024;1/07/2026;3;393;79;750;Jhon Jairo Correa;Octavio Vargas;7/07/2027;CAST;3.275380,-76.403594
2123-060;3; SANTA HELENA;6.85;2.23;11H2;CC 12-2120;CAÑA;7/02/2024;2/07/2026;3;900;131;648;Jhon Jairo Correa;Octavio Vargas;17/07/2027;CAST;3.274758,-76.401147
2123-070;3; SANTA HELENA;15.91;11.63;11H2;CC 12-2120;CAÑA;13/09/2023;19/09/2025;3;1818;114;1793;Jhon Jairo Correa;Octavio Vargas;28/09/2026;CAST;3.273496,-76.399696
2123-080;3; SANTA HELENA;16.19;9.76;18H2;CC 12-2120;CAÑA;27/09/2023;15/11/2025;3;1883;116;1773;Jhon Jairo Correa;Octavio Vargas;15/11/2026;CAST;3.274060,-76.396915
2123-090;3; SANTA HELENA;18.12;11.07;18H2;VARIAS;CAÑA;31/07/2024;6/10/2025;2;1655;91;1931;Jhon Jairo Correa;Octavio Vargas;21/10/2026;CAST;0
2123-100;3; SANTA HELENA;17.4;11.30;11H2;VARIAS;CAÑA;19/08/2023;29/09/2025;3;1914;110;1939;Jhon Jairo Correa;Octavio Vargas;29/09/2026;CAST;3.272483,-76.397926
2123-110;3; SANTA HELENA;32.48;0.62;11H2;CC 05-430;CAÑA;2/04/2020;20/08/2026;7;3508;108;3556;Jhon Jairo Correa;Octavio Vargas;29/08/2027;CAST;3.280836,-76.416372
2123-112;3; SANTA HELENA;5.5;12.58;11H2;CC 05-430;CAÑA;26/07/2024;21/08/2025;2;750;136;694;Jhon Jairo Correa;Octavio Vargas;5/09/2026;CAST;3.282229,-76.417186
2123-114;3; SANTA HELENA;7.52;8.80;11H2;CC 11-595;CAÑA;13/02/2019;14/12/2025;8;707;94;816;Jhon Jairo Correa;Octavio Vargas;14/12/2026;CAST;3.257736,-76.420321
2123-115;3; SANTA HELENA;3.56;2.14;11H2;CC 11-595;CAÑA;13/02/2019;5/07/2026;9;339;95;398;Jhon Jairo Correa;Octavio Vargas;20/07/2027;CAST;3.257081,-76.424029
2123-140;3; SANTA HELENA;12.24;5.26;11H3;CC 11-600;CAÑA;28/01/2019;1/04/2026;8;1116;91;865;Jhon Jairo Correa;Octavio Vargas;16/04/2027;CAST;3.258079,-76.417924
2123-141;3; SANTA HELENA;22.1;3.91;11H3;CC 05-430;CAÑA;3/02/2022;12/05/2026;5;2348;106;2608;Jhon Jairo Correa;Octavio Vargas;12/05/2027;CAST;3.261557,-76.418100
2123-170;3; SANTA HELENA;15.24;11.17;10H3;CC 11-595;CAÑA;4/10/2020;3/10/2025;6;2119;139;1609;Jhon Jairo Correa;Octavio Vargas;2/11/2026;CAST;3.263757,-76.412039
2123-180;3; SANTA HELENA;24.49;8.80;6H2;CC 12-2120;CAÑA;21/10/2023;14/12/2025;3;2848;116;2609;Jhon Jairo Correa;Octavio Vargas;14/12/2026;CAST;0
2123-200;3; SANTA HELENA;13.49;5.45;6H2;CC 12-2120;CAÑA;26/01/2024;26/03/2026;3;1433;106;1470;Jhon Jairo Correa;Octavio Vargas;25/04/2027;CAST;0
2123-201;3; SANTA HELENA;9.78;9.00;6H2;CC 11-606;CAÑA;10/10/2024;8/12/2025;2;1210;124;1192;Jhon Jairo Correa;Octavio Vargas;8/12/2026;CAST;0
2123-205;3; SANTA HELENA;8.99;8.97;6H2;CC 11-606;CAÑA;3/11/2024;9/12/2025;2;1112;124;1074;Jhon Jairo Correa;Octavio Vargas;24/12/2026;CAST;0
2123-220;3; SANTA HELENA;15.41;11.33;6H2;CC 11-595;CAÑA;26/05/2020;28/09/2025;6;1852;120;1717;Jhon Jairo Correa;Octavio Vargas;28/09/2026;CAST;3.237818,-76.415022
2123-230;3; SANTA HELENA;4.6;9.00;11H1;CC 11-595;CAÑA;21/02/2022;8/12/2025;5;521;113;514;Jhon Jairo Correa;Octavio Vargas;8/12/2026;CAST;3.237656,-76.413517
2123-231;3; SANTA HELENA;9.95;9.00;11H1;CC 11-595;CAÑA;20/09/2022;8/12/2025;4;1307;131;1099;Jhon Jairo Correa;Octavio Vargas;8/12/2026;CAST;3.240539,-76.414531
2123-233;3; SANTA HELENA;13.48;2.14;11H1;CC 11-595;CAÑA;21/02/2022;5/07/2026;5;1528;113;1413;Jhon Jairo Correa;Octavio Vargas;20/07/2027;CAST;0
2123-250;3; SANTA HELENA;12.82;2.27;11H3;CC 11-595;CAÑA;18/02/2022;1/07/2026;5;1314;103;1313;Jhon Jairo Correa;Octavio Vargas;15/08/2027;CAST;3.242599,-76.424105
2123-253;3; SANTA HELENA;6.71;9.07;11H3;CC 11-595;CAÑA;18/02/2022;6/12/2025;5;773;115;762;Jhon Jairo Correa;Octavio Vargas;6/12/2026;CAST;3.246343,-76.420644
2123-255;3; SANTA HELENA;8.03;3.81;11H3;CC 12-2120;CAÑA;19/05/2022;15/05/2026;5;910;113;910;Jhon Jairo Correa;Octavio Vargas;15/05/2027;CAST;3.243902,-76.420619
2123-256;3; SANTA HELENA;3.32;2.14;11H3;CC 12-2120;CAÑA;20/05/2022;5/07/2026;5;376;113;429;Jhon Jairo Correa;Octavio Vargas;20/07/2027;CAST;3.242594,-76.420311
2123-257;3; SANTA HELENA;2.77;2.14;11H3;CC 12-2120;CAÑA;19/05/2022;5/07/2026;5;314;113;262;Jhon Jairo Correa;Octavio Vargas;20/07/2027;CAST;3.242665,-76.422175
2123-260;3; SANTA HELENA;13.85;0.89;11H2;CC 11-595;CAÑA;15/09/2022;12/08/2026;5;1773;128;1503;Jhon Jairo Correa;Octavio Vargas;11/09/2027;CAST;3.242316,-76.418857
2123-261;3; SANTA HELENA;6.73;11.79;11H2;CC 12-2120;CAÑA;14/09/2025;28/07/2025;1;587;87;895;Jhon Jairo Correa;Octavio Vargas;14/09/2026;CAST;3.241967,-76.417036
2124-010;3; CENTRAL COLOMBIA;17.87;9.76;10H4;CC 11-595;CAÑA;11/09/2022;15/11/2025;4;2329;130;2044;Jhon Jairo Correa;Herminsul Fernandez;15/11/2026;CAST;3.244770,-76.417476
2124-011;3; CENTRAL COLOMBIA;12.07;9.82;10H4;CC 11-595;CAÑA;19/10/2022;13/11/2025;4;1573;130;1393;Jhon Jairo Correa;Herminsul Fernandez;13/11/2026;CAST;3.240505,-76.412771
2124-020;3; CENTRAL COLOMBIA;10.54;9.95;11H2;CC 05-430;CAÑA;22/09/2022;9/11/2025;4;1374;130;1247;Jhon Jairo Correa;Herminsul Fernandez;9/11/2026;CAST;3.243803,-76.412176
2124-030;3; CENTRAL COLOMBIA;12.18;11.43;18H2;CC 18-3021;CAÑA;25/09/2025;17/07/2025;1;1694;139;1501;Jhon Jairo Correa;Herminsul Fernandez;25/09/2026;CAST;3.241573,-76.414955
2124-032;3; CENTRAL COLOMBIA;2.81;11.10;11H2;CC 05-430;CAÑA;5/10/2025;30/08/2025;1;364;129;374;Jhon Jairo Correa;Herminsul Fernandez;29/09/2026;CAST;3.244222,-76.414471
2124-040;3; CENTRAL COLOMBIA;2.68;11.14;11H2;CC 09-066;CAÑA;25/07/2024;4/10/2025;2;336;125;338;Jhon Jairo Correa;Herminsul Fernandez;19/10/2026;CAST;3.249986,-76.430286
2125-010;3; LA PAMPA I;7.64;0.00;11H2;RENOVACION;Proy Normandia;11/02/2023;4/07/2023;1;0;0;0;Jhon Jairo Correa;Herminsul Fernandez;4/07/2023;CAST;3.248442,-76.427593
2125-012;3; LA PAMPA I;10.23;0.00;11H2;RENOVACION;Proy Normandia;20/05/2022;2/02/2022;1;0;0;0;Jhon Jairo Correa;Herminsul Fernandez;20/05/2022;CAST;3.253364,-76.432193
2125-030;3; LA PAMPA I;7.02;0.00;11H3;RENOVACION;Proy Normandia;11/02/2023;4/07/2023;1;0;0;0;Jhon Jairo Correa;Herminsul Fernandez;4/07/2023;CAST;3.254827,-76.425172
2125-041;3; LA PAMPA I;4.52;2.86;11H3;CC 15-3059;CAÑA;13/06/2026;23/12/2025;1;41;9;565;Jhon Jairo Correa;Herminsul Fernandez;13/06/2027;CAST;3.251680,-76.425604
2125-050;3; LA PAMPA I;8.9;2.86;11H3;CC 15-3059;CAÑA;13/06/2026;23/12/2025;1;80;9;1113;Jhon Jairo Correa;Herminsul Fernandez;13/06/2027;CAST;3.253299,-76.428433
2125-054;3; LA PAMPA I;1.62;2.79;11H3;CC 15-3059;CAÑA;15/06/2026;23/12/2025;1;15;9;203;Jhon Jairo Correa;Herminsul Fernandez;15/06/2027;CAST;3.252704,-76.423503
2125-055;3; LA PAMPA I;6.7;0.00;11H3;RENOVACION;Proy Vivienda;14/06/2026;23/12/2025;1;60;9;838;Jhon Jairo Correa;Herminsul Fernandez;14/06/2027;CAST;3.250782,-76.419521
2125-060;3; LA PAMPA I;1.58;2.27;18H1;CC 18-3021;CAÑA;12/03/2024;1/07/2026;3;185;117;185;Jhon Jairo Correa;Herminsul Fernandez;16/07/2027;CAST;3.250217,-76.421722
2125-080;3; LA PAMPA I;10.19;2.46;11H2;CC 05-430;CAÑA;6/03/2024;25/06/2026;3;1146;113;1146;Jhon Jairo Correa;Herminsul Fernandez;10/07/2027;CAST;3.251035,-76.415345
2125-081;3; LA PAMPA I;4.54;2.23;11H2;VARIAS;CAÑA;31/07/2025;2/07/2026;2;631;139;387;Jhon Jairo Correa;Herminsul Fernandez;2/07/2027;CAST;3.251299,-76.417185
2125-082;3; LA PAMPA I;0.54;2.27;18H1;VARIAS;CAÑA;22/03/2024;1/07/2026;3;64;119;56;Jhon Jairo Correa;Herminsul Fernandez;16/07/2027;CAST;3.250835,-76.412134
2125-084;3; LA PAMPA I;3.22;2.27;18H1;VARIAS;CAÑA;21/03/2024;1/07/2026;3;378;117;378;Jhon Jairo Correa;Herminsul Fernandez;16/07/2027;CAST;3.250346,-76.412770
2125-100;3; LA PAMPA I;0.97;5.32;18H1;CC 15-3119;CAÑA;20/03/2024;30/03/2026;3;103;106;103;Jhon Jairo Correa;Herminsul Fernandez;30/03/2027;CAST;3.251676,-76.410900
2125-101;3; LA PAMPA I;1.06;2.23;11H2;CC 15-3059;CAÑA;20/03/2024;2/07/2026;3;127;119;127;Jhon Jairo Correa;Herminsul Fernandez;17/07/2027;CAST;3.262973,-76.438881
2125-102;3; LA PAMPA I;23.69;2.27;11H2;CC 11-600;CAÑA;20/02/2020;1/07/2026;7;2729;115;2431;Jhon Jairo Correa;Herminsul Fernandez;16/07/2027;CAST;3.266355,-76.436411
2125-120;3; LA PAMPA I;4.97;0.56;11H2;CC 16-3205;CAÑA;22/08/2026;10/07/2026;1;573;115;599;Jhon Jairo Correa;Herminsul Fernandez;22/08/2027;CAST;3.268899,-76.434512
2125-121;3; LA PAMPA I;15.31;1.94;11H2;CC 11-600;CAÑA;1/04/2020;11/07/2026;7;1764;115;1860;Jhon Jairo Correa;Herminsul Fernandez;11/07/2027;CAST;0
2125-124;3; LA PAMPA I;1.36;2.23;11H2;VARIAS;CAÑA;22/03/2024;2/07/2026;3;176;129;118;Jhon Jairo Correa;Herminsul Fernandez;17/07/2027;CAST;0
2125-127;3; LA PAMPA I;15.27;2.46;11H2;CC 12-2120;CAÑA;22/02/2024;25/06/2026;3;1756;115;1695;Jhon Jairo Correa;Herminsul Fernandez;10/07/2027;CAST;3.273674,-76.432068
2125-130;3; LA PAMPA I;3.88;10.84;17H3;CC 11-595;CAÑA;13/08/2023;13/10/2025;3;451;116;402;Jhon Jairo Correa;Herminsul Fernandez;13/10/2026;CAST;3.244706,-76.440113
2125-140;3; LA PAMPA I;11.66;2.17;25H4;CC 16-3205;CAÑA;4/07/2026;10/12/2025;1;1096;94;875;Jhon Jairo Correa;Herminsul Fernandez;4/07/2027;CAST;3.247515,-76.441287
2125-160;3; LA PAMPA I;14.13;10.51;18H2;CC 11-595;CAÑA;2/09/2022;23/10/2025;4;1870;132;1602;Jhon Jairo Correa;Herminsul Fernandez;23/10/2026;CAST;3.247914,-76.439609
2125-170;3; LA PAMPA I;2.3;11.07;25H4;CC 01-1940;CAÑA;17/10/2018;6/10/2025;8;230;100;205;Jhon Jairo Correa;Herminsul Fernandez;30/09/2026;CAST;3.247650,-76.437224
2125-171;3; LA PAMPA I;9.63;2.46;25H4;VARIAS;CAÑA;25/06/2026;15/12/2025;1;905;94;857;Jhon Jairo Correa;Herminsul Fernandez;25/06/2027;CAST;3.248438,-76.437902
2125-172;3; LA PAMPA I;17.16;9.82;18H2;CC 11-595;CAÑA;24/09/2022;13/11/2025;4;2288;133;1963;Jhon Jairo Correa;Herminsul Fernandez;13/11/2026;CAST;3.249275,-76.438598
2125-190;3; LA PAMPA I;7.63;10.84;18H2;CC 05-430;CAÑA;26/02/2021;13/10/2025;5;803;105;792;Jhon Jairo Correa;Herminsul Fernandez;13/10/2026;CAST;3.246756,-76.436410
2125-200;3; LA PAMPA I;19.96;11.07;18H1;VARIAS;CAÑA;14/09/2024;6/10/2025;2;2523;126;2088;Jhon Jairo Correa;Herminsul Fernandez;30/09/2026;CAST;3.245910,-76.437150
2125-201;3; LA PAMPA I;5.95;8.90;18H1;CC 12-2120;CAÑA;8/03/2024;11/12/2025;3;740;124;729;Jhon Jairo Correa;Herminsul Fernandez;11/12/2026;CAST;3.244901,-76.434393
2125-220;3; LA PAMPA I;13.69;2.07;11H2;CC 11-600;CAÑA;12/02/2020;7/07/2026;7;1577;115;1353;Jhon Jairo Correa;Herminsul Fernandez;22/07/2027;CAST;3.250569,-76.435915
2125-221;3; LA PAMPA I;13.46;1.48;11H2;CC 05-430;CAÑA;25/07/2026;6/07/2026;1;1550;115;1275;Jhon Jairo Correa;Herminsul Fernandez;31/07/2027;CAST;3.247304,-76.434710
2125-240;3; LA PAMPA I;16.03;2.00;11H2;CC 11-600;CAÑA;13/03/2020;9/07/2026;7;1847;115;1900;Jhon Jairo Correa;Herminsul Fernandez;15/07/2027;CAST;3.248176,-76.432727
2125-245;3; LA PAMPA I;14.12;0.00;11H2;RENOVACION;CAÑA;13/03/2020;9/07/2026;1;1655;117;1690;Jhon Jairo Correa;Herminsul Fernandez;9/07/2027;CAST;3.250273,-76.432663
2125-250;3; LA PAMPA I;1.64;2.04;11H2;CC 14-3221;CAÑA;10/09/2020;8/07/2026;6;204;124;208;Jhon Jairo Correa;Herminsul Fernandez;23/07/2027;CAST;3.245350,-76.432917
2126-010;3; EL ANGEL;20.44;5.59;11H2;CC 11-606;CAÑA;7/02/2025;22/03/2026;2;2474;121;2453;Jhon Jairo Correa;Octavio Vargas;21/04/2027;CAST;3.248358,-76.434168
2126-024;3; EL ANGEL;16;1.81;11H2;CC 16-3205;CAÑA;31/07/2025;15/07/2026;2;2096;131;2040;Jhon Jairo Correa;Octavio Vargas;15/07/2027;CAST;3.223883,-76.391852
2126-025;3; EL ANGEL;10.15;1.87;11H2;CC 12-2120;CAÑA;1/03/2024;13/07/2026;3;1232;121;1243;Jhon Jairo Correa;Octavio Vargas;28/07/2027;CAST;3.221876,-76.390361
2126-030;3; EL ANGEL;8.62;10.02;11H4;CC 11-606;CAÑA;14/08/2024;7/11/2025;2;1023;119;935;Jhon Jairo Correa;Octavio Vargas;7/11/2026;CAST;3.223132,-76.389021
2126-031;3; EL ANGEL;4.74;9.99;11H4;CC 13-2035;CAÑA;14/08/2024;8/11/2025;2;570;120;551;Jhon Jairo Correa;Octavio Vargas;8/11/2026;CAST;3.159952,-76.346595
2126-032;3; EL ANGEL;5.69;9.95;11H4;CC 14-3358;CAÑA;14/08/2024;9/11/2025;2;684;120;662;Jhon Jairo Correa;Octavio Vargas;9/11/2026;CAST;3.164327,-76.345893
2127-010;3; LA SERAFINA;8.78;11.27;10H4;CC 11-595;CAÑA;1/09/2020;30/09/2025;6;1099;125;996;Jhon Jairo Correa;Herminsul Fernandez;21/10/2026;CAST;3.158483,-76.346494
2127-090;3; LA SERAFINA;5.84;5.55;10H4;CC 12-2120;CAÑA;20/02/2025;23/03/2026;2;668;114;730;Jhon Jairo Correa;Herminsul Fernandez;22/04/2027;CAST;3.162077,-76.345062
2127-100;3; LA SERAFINA;3.91;5.62;10H4;CC 11-606;CAÑA;5/02/2025;21/03/2026;2;512;131;328;Jhon Jairo Correa;Herminsul Fernandez;20/04/2027;CAST;3.161596,-76.343283
2127-102;3; LA SERAFINA;2.54;10.81;10H4;CC 12-2120;CAÑA;17/09/2023;14/10/2025;3;316;124;311;Jhon Jairo Correa;Herminsul Fernandez;29/10/2026;CAST;3.157802,-76.343587
2127-103;3; LA SERAFINA;2.69;10.81;10H4;CC 12-2120;CAÑA;17/09/2023;14/10/2025;3;334;124;180;Jhon Jairo Correa;Herminsul Fernandez;29/10/2026;CAST;3.249251,-76.378517
2127-104;3; LA SERAFINA;2.85;10.78;10H4;CC 12-2120;CAÑA;17/09/2023;15/10/2025;3;354;124;349;Jhon Jairo Correa;Herminsul Fernandez;30/10/2026;CAST;3.170916,-76.377206
2127-110;3; LA SERAFINA;3.05;10.81;11H2;CC 11-606;CAÑA;21/09/2024;14/10/2025;2;362;119;361;Jhon Jairo Correa;Herminsul Fernandez;29/09/2026;CAST;3.170872,-76.375668
2127-111;3; LA SERAFINA;5.67;11.33;11H2;CC 11-606;CAÑA;21/09/2024;28/09/2025;2;0;0;671;Jhon Jairo Correa;Herminsul Fernandez;28/09/2026;CAST;3.172791,-76.374483
2127-120;3; LA SERAFINA;2.62;1.91;11H2;CC 16-3205;CAÑA;12/07/2025;12/07/2026;2;351;134;324;Jhon Jairo Correa;Herminsul Fernandez;11/08/2027;CAST;3.172170,-76.373023
2127-200;3; LA SERAFINA;7.79;3.32;10H4;CC 16-3205;CAÑA;30/05/2026;7/12/2025;1;732;94;732;Jhon Jairo Correa;Herminsul Fernandez;30/05/2027;CAST;3.172316,-76.371028
2127-300;3; LA SERAFINA;3.42;11.30;25H4;CC 11-600;CAÑA;22/01/2019;29/09/2025;7;339;99;335;Jhon Jairo Correa;Herminsul Fernandez;29/09/2026;CAST;3.173739,-76.375670
2127-301;3; LA SERAFINA;12.2;10.74;25H4;CC 11-600;CAÑA;4/09/2019;16/10/2025;7;1210;99;1194;Jhon Jairo Correa;Herminsul Fernandez;27/09/2026;CAST;3.174233,-76.363567
2127-302;3; LA SERAFINA;7.36;10.51;25H4;CC 12-2120;CAÑA;29/10/2023;23/10/2025;3;915;124;902;Jhon Jairo Correa;Herminsul Fernandez;23/10/2026;CAST;3.176204,-76.372156
2127-304;3; LA SERAFINA;1.98;11.33;25H4;CC 11-600;CAÑA;4/09/2019;28/09/2025;7;196;99;194;Jhon Jairo Correa;Herminsul Fernandez;28/09/2026;CAST;3.170300,-76.369030
2127-305;3; LA SERAFINA;4.79;3.12;25H4;CC 16-3205;CAÑA;5/06/2026;3/12/2025;1;450;94;450;Jhon Jairo Correa;Herminsul Fernandez;11/06/2027;CAST;3.173921,-76.366018
2128-010;3; GUENGUE;4.03;5.72;18H2;CC 09-066;CAÑA;3/08/2024;18/03/2026;3;509;126;509;Jhon Jairo Correa;Octavio Vargas;18/03/2027;CAST;3.174580,-76.368336
2128-012;3; GUENGUE;7.57;5.75;18H2;CC 05-430;CAÑA;21/04/2024;17/03/2026;3;820;108;757;Jhon Jairo Correa;Octavio Vargas;1/04/2027;CAST;3.171397,-76.369734
2128-020;3; GUENGUE;9.06;5.65;18H4;CC 11-606;CAÑA;8/05/2024;20/03/2026;3;982;108;982;Jhon Jairo Correa;Octavio Vargas;20/03/2027;CAST;3.175925,-76.366154
2132-010;3; VERACRUZ;3;2.17;10H5;CC 01-1940;CAÑA;24/10/2018;4/07/2026;8;197;66;164;Jhon Jairo Correa;Adolfo León Lucumi;18/08/2027;CAST;3.175663,-76.360277
2132-012;3; VERACRUZ;6.96;2.14;10H5;CC 01-1940;CAÑA;24/10/2018;5/07/2026;8;513;74;383;Jhon Jairo Correa;Adolfo León Lucumi;5/07/2027;CAST;3.178958,-76.362789
2132-013;3; VERACRUZ;1.59;2.14;10H5;CC 01-1940;CAÑA;24/10/2018;5/07/2026;8;104;66;88;Jhon Jairo Correa;Adolfo León Lucumi;4/08/2027;CAST;3.179475,-76.363977
2132-020;3; VERACRUZ;15.74;2.14;10H5;CC 01-1940;CAÑA;20/09/2017;5/07/2026;9;1159;74;798;Jhon Jairo Correa;Adolfo León Lucumi;8/07/2027;CAST;3.181139,-76.362195
2132-030;3; VERACRUZ;7.98;2.14;10H5;CC 01-1940;CAÑA;23/09/2017;5/07/2026;9;588;74;371;Jhon Jairo Correa;Adolfo León Lucumi;8/07/2027;CAST;3.179743,-76.367219
2132-031;3; VERACRUZ;0.56;0.00;10H5;RENOVACION;OTROS CULTIVOS;24/07/2014;5/03/2024;9;0;0;0;Jhon Jairo Correa;Adolfo León Lucumi;5/03/2024;CAST;3.179626,-76.365283
2140-150;3; LA TROCHA;2.88;7.13;11H3;CC 85-92;CAÑA;15/12/2006;3/02/2026;21;357;124;259;Jhon Jairo Correa;Octavio Vargas;18/02/2027;CAST;3.182361,-76.364011
2141-010;3; TAULA;4.03;6.90;11H3;CC 05-430;CAÑA;11/08/2021;10/02/2026;6;392;97;363;Jhon Jairo Correa;Adolfo León Lucumi;25/02/2027;CAST;3.180140,-76.360646
2141-020;3; TAULA;2.15;10.84;11H3;CC 05-430;CAÑA;17/08/2021;13/10/2025;6;226;105;181;Jhon Jairo Correa;Adolfo León Lucumi;13/10/2026;CAST;3.174971,-76.371165
2141-022;3; TAULA;8.46;8.48;11H3;CC 18-3021;CAÑA;25/12/2024;24/12/2025;2;982;116;711;Jhon Jairo Correa;Adolfo León Lucumi;24/12/2026;CAST;3.176829,-76.360766
2141-030;3; TAULA;5.78;4.14;12H3;CC 11-595;CAÑA;22/08/2021;5/05/2026;7;521;90;521;Jhon Jairo Correa;Adolfo León Lucumi;20/05/2027;CAST;3.175247,-76.374070
2141-031;3; TAULA;9.39;5.78;12H3;CC 12-2120;CAÑA;25/02/2024;16/03/2026;3;939;100;939;Jhon Jairo Correa;Adolfo León Lucumi;31/03/2027;CAST;3.177428,-76.371112
2141-032;3; TAULA;0.55;8.87;12H3;CC 01-1940;CAÑA;6/07/2018;12/12/2025;9;37;67;37;Jhon Jairo Correa;Adolfo León Lucumi;12/12/2026;CAST;3.172567,-76.363514
2141-040;3; TAULA;8.97;12.94;12H3;CC 11-595;CAÑA;12/09/2019;10/08/2025;7;809;90;718;Jhon Jairo Correa;Adolfo León Lucumi;9/09/2026;CAST;3.171281,-76.363935
2141-044;3; TAULA;6.57;5.85;11H3;CC 01-1940;CAÑA;24/10/2017;14/03/2026;10;860;131;591;Jhon Jairo Correa;Adolfo León Lucumi;29/05/2027;CAST;3.173368,-76.357740
2141-060;3; TAULA;2.86;4.14;12H3;CC 01-1940;CAÑA;1/11/2014;5/05/2026;13;192;67;152;Jhon Jairo Correa;Adolfo León Lucumi;20/05/2027;CAST;3.173490,-76.359633
2141-070;3; TAULA;10.5;12.98;12H3;CC 11-600;CAÑA;6/08/2019;9/08/2025;7;947;90;728;Jhon Jairo Correa;Adolfo León Lucumi;8/09/2026;CAST;3.176849,-76.358445
2141-080;3; TAULA;15.79;10.84;10H3;CC 01-1940;CAÑA;27/10/2018;13/10/2025;7;1376;87;1360;Jhon Jairo Correa;Adolfo León Lucumi;13/10/2026;CAST;3.170195,-76.347646
2141-081;3; TAULA;3.14;10.84;10H3;CC 01-1940;CAÑA;6/07/2018;13/10/2025;8;283;90;280;Jhon Jairo Correa;Adolfo León Lucumi;13/10/2026;CAST;3.184997,-76.328906
2141-082;3; TAULA;5.52;12.88;10H3;CC 11-600;CAÑA;6/08/2019;12/08/2025;7;470;85;443;Jhon Jairo Correa;Adolfo León Lucumi;11/09/2026;CAST;3.187377,-76.329947
2141-090;3; TAULA;0.62;10.91;10H3;CC 11-606;CAÑA;21/09/2024;11/10/2025;2;69;112;68;Jhon Jairo Correa;Adolfo León Lucumi;11/10/2026;CAST;3.186648,-76.333598
2141-100;3; TAULA;6.05;1.71;11H3;CC 12-2120;CAÑA;23/02/2024;18/07/2026;3;783;129;717;Jhon Jairo Correa;Adolfo León Lucumi;12/07/2027;CAST;3.189084,-76.335049
2141-101;3; TAULA;6.62;1.71;11H3;CC 05-430;CAÑA;28/09/2020;18/07/2026;6;703;106;720;Jhon Jairo Correa;Adolfo León Lucumi;2/08/2027;CAST;3.186474,-76.339763
2141-104;3; TAULA;1;5.49;11H3;CC 12-2120;CAÑA;23/02/2024;25/03/2026;3;121;121;121;Jhon Jairo Correa;Adolfo León Lucumi;19/03/2027;CAST;3.186166,-76.341274
2141-110;3; TAULA;10.15;10.87;11H3;CC 11-595;CAÑA;26/09/2020;12/10/2025;6;1017;100;1004;Jhon Jairo Correa;Adolfo León Lucumi;12/10/2026;CAST;3.187444,-76.339266
2141-111;3; TAULA;7.1;1.71;10H3;CC 11-595;CAÑA;28/09/2020;18/07/2026;6;747;105;765;Jhon Jairo Correa;Adolfo León Lucumi;2/08/2027;CAST;3.187601,-76.341931
2141-120;3; TAULA;7.62;5.49;11H3;CC 05-430;CAÑA;29/02/2024;25/03/2026;3;1001;131;1001;Jhon Jairo Correa;Adolfo León Lucumi;13/03/2027;CAST;3.188819,-76.342439
2141-130;3; TAULA;9.46;12.98;11H3;CC 11-606;CAÑA;31/08/2024;9/08/2025;2;1243;131;1119;Jhon Jairo Correa;Adolfo León Lucumi;8/09/2026;CAST;3.189802,-76.340814
2141-140;3; TAULA;4.24;1.64;11H3;CC 05-430;CAÑA;20/08/2021;20/07/2026;6;433;102;443;Jhon Jairo Correa;Adolfo León Lucumi;4/08/2027;CAST;3.190972,-76.338658
2141-150;3; TAULA;11.34;12.91;12H3;CC 01-1940;CAÑA;18/03/2015;11/08/2025;11;852;75;799;Jhon Jairo Correa;Adolfo León Lucumi;10/09/2026;CAST;3.191722,-76.340295
2141-160;3; TAULA;3.11;6.90;11H3;CC 15-3119;CAÑA;23/12/2024;10/02/2026;2;361;116;327;Jhon Jairo Correa;Adolfo León Lucumi;27/03/2027;CAST;3.188819,-76.344115
2141-161;3; TAULA;6.88;5.82;18H3;CC 11-595;CAÑA;27/09/2021;15/03/2026;6;592;86;619;Jhon Jairo Correa;Adolfo León Lucumi;15/05/2027;CAST;3.190107,-76.345694
2141-180;3; TAULA;7.86;12.94;12H3;CC 01-1940;CAÑA;19/08/2017;10/08/2025;9;591;75;554;Jhon Jairo Correa;Adolfo León Lucumi;9/09/2026;CAST;3.194774,-76.368043
2141-190;3; TAULA;9.29;1.68;12H3;CC 11-595;CAÑA;22/07/2023;19/07/2026;4;1090;117;1113;Jhon Jairo Correa;Adolfo León Lucumi;3/08/2027;CAST;3.185087,-76.367711
2141-200;3; TAULA;5.26;0.66;12H3;CC 11-606;CAÑA;16/09/2024;19/08/2026;3;612;116;441;Jhon Jairo Correa;Adolfo León Lucumi;3/09/2027;CAST;3.185612,-76.342886
2141-201;3; TAULA;6.16;10.97;12H3;CC 12-2120;CAÑA;7/09/2024;9/10/2025;2;740;120;668;Jhon Jairo Correa;Adolfo León Lucumi;24/09/2026;CAST;3.183706,-76.344542
2141-220;3; TAULA;8.73;10.94;12H3;VARIAS;CAÑA;21/09/2024;10/10/2025;2;1060;121;947;Jhon Jairo Correa;Adolfo León Lucumi;28/09/2026;CAST;3.183852,-76.341290
2141-230;3; TAULA;12.06;0.62;10H3;CC 01-1940;CAÑA;13/06/2015;20/08/2026;11;906;75;897;Jhon Jairo Correa;Adolfo León Lucumi;19/09/2027;CAST;3.181262,-76.338214
2142-010;3; CUERNAVACA I;4.6;8.61;5H3;CC 11-595;CAÑA;11/10/2022;20/12/2025;4;521;113;514;Jhon Jairo Correa;Adolfo León Lucumi;20/12/2026;CAST;3.181186,-76.342121
2142-020;3; CUERNAVACA I;8.26;0.89;6H3;CC 11-595;CAÑA;16/09/2021;12/08/2026;6;803;97;449;Jhon Jairo Correa;Adolfo León Lucumi;15/08/2027;CAST;3.177791,-76.342598
2142-030;3; CUERNAVACA I;4.67;5.29;6H3;CC 11-595;CAÑA;11/08/2020;31/03/2026;7;440;94;440;Jhon Jairo Correa;Adolfo León Lucumi;31/03/2027;CAST;3.178740,-76.346045
2142-040;3; CUERNAVACA I;15.32;5.55;6H3;CC 11-595;CAÑA;10/02/2022;23/03/2026;5;1341;88;1226;Jhon Jairo Correa;Adolfo León Lucumi;22/04/2027;CAST;3.181658,-76.344911
2142-050;3; CUERNAVACA I;3.06;5.55;6H3;CC 11-595;CAÑA;5/02/2022;23/03/2026;5;261;85;245;Jhon Jairo Correa;Adolfo León Lucumi;22/04/2027;CAST;3.182345,-76.347630
2142-051;3; CUERNAVACA I;2.52;8.48;6H3;CC 01-1940;CAÑA;23/08/2017;24/12/2025;9;194;77;192;Jhon Jairo Correa;Adolfo León Lucumi;24/12/2026;CAST;3.180324,-76.348710
2142-052;3; CUERNAVACA I;2.56;8.51;6H3;CC 11-595;CAÑA;18/08/2020;23/12/2025;6;223;87;220;Jhon Jairo Correa;Adolfo León Lucumi;23/12/2026;CAST;3.177309,-76.349875
2142-060;3; CUERNAVACA I;4.18;10.78;6H3;CC 11-595;CAÑA;17/09/2021;15/10/2025;5;377;90;331;Jhon Jairo Correa;Adolfo León Lucumi;30/09/2026;CAST;3.178495,-76.348558
2142-061;3; CUERNAVACA I;1.18;10.81;6H3;CC 11-595;CAÑA;18/08/2020;14/10/2025;6;112;95;111;Jhon Jairo Correa;Adolfo León Lucumi;29/09/2026;CAST;3.116587,-76.374033
2142-070;3; CUERNAVACA I;12.55;10.74;6H3;VARIAS;CAÑA;19/07/2018;16/10/2025;8;941;75;931;Jhon Jairo Correa;Adolfo León Lucumi;16/10/2026;CAST;3.117137,-76.371752
2142-080;3; CUERNAVACA I;2.07;10.78;6H3;CC 11-595;CAÑA;19/07/2018;15/10/2025;8;156;75;154;Jhon Jairo Correa;Adolfo León Lucumi;30/09/2026;CAST;0
2142-081;3; CUERNAVACA I;2.29;10.78;6H3;CC 01-1940;CAÑA;19/07/2018;15/10/2025;8;172;75;170;Jhon Jairo Correa;Adolfo León Lucumi;30/09/2026;CAST;3.114055,-76.374346
2142-090;3; CUERNAVACA I;4.03;14.32;11H3;CC 05-430;CAÑA;17/09/2021;29/06/2025;5;323;80;310;Jhon Jairo Correa;Adolfo León Lucumi;13/09/2026;CAST;3.115216,-76.373127
2142-100;3; CUERNAVACA I;3.5;5.52;11H3;CC 05-430;CAÑA;5/02/2022;24/03/2026;5;299;85;333;Jhon Jairo Correa;Adolfo León Lucumi;23/04/2027;CAST;3.114211,-76.370638
2142-190;3; CUERNAVACA I;7.42;0.85;11H3;CC 01-1940;CAÑA;17/10/2014;13/08/2026;13;595;80;389;Jhon Jairo Correa;Adolfo León Lucumi;13/08/2027;CAST;3.114860,-76.367979
2143-060;3; CUERNAVACA II;10.99;0.79;11H3;CC 11-600;CAÑA;20/08/2019;15/08/2026;8;914;83;872;Jhon Jairo Correa;Adolfo León Lucumi;15/08/2027;CAST;0
2143-110;3; CUERNAVACA II;2.65;1.28;6H3;CC 11-595;CAÑA;20/08/2020;31/07/2026;7;239;90;232;Jhon Jairo Correa;Adolfo León Lucumi;15/08/2027;CAST;3.115647,-76.364531
2143-111;3; CUERNAVACA II;8.19;1.77;6H3;CC 11-595;CAÑA;19/08/2020;16/07/2026;7;697;85;718;Jhon Jairo Correa;Adolfo León Lucumi;31/07/2027;CAST;0
2143-120;3; CUERNAVACA II;10.6;8.61;6H3;CC 11-595;CAÑA;20/07/2023;20/12/2025;3;1233;116;891;Jhon Jairo Correa;Adolfo León Lucumi;20/12/2026;CAST;3.117401,-76.365874
2143-131;3; CUERNAVACA II;17.83;6.14;6H3;CC 01-1940;CAÑA;25/02/2015;5/03/2026;11;1429;80;1426;Jhon Jairo Correa;Adolfo León Lucumi;22/08/2027;CAST;3.117404,-76.363102
2143-140;3; CUERNAVACA II;11.28;6.14;6H3;CC 11-595;CAÑA;30/09/2022;5/03/2026;4;1290;114;1015;Jhon Jairo Correa;Adolfo León Lucumi;22/08/2027;CAST;3.116234,-76.368968
2143-150;3; CUERNAVACA II;18.89;4.53;6H3;CC 01-1940;CAÑA;7/06/2015;23/04/2026;11;1181;63;1039;Jhon Jairo Correa;Adolfo León Lucumi;7/06/2027;CAST;3.117245,-76.369124
2143-160;3; CUERNAVACA II;11.1;4.57;6H3;CC 01-1940;CAÑA;10/06/2015;22/04/2026;11;801;72;611;Jhon Jairo Correa;Adolfo León Lucumi;22/06/2027;CAST;0
2143-161;3; CUERNAVACA II;5.62;4.53;6H3;SP 71-6949;CAÑA;11/09/2015;23/04/2026;11;434;77;309;Jhon Jairo Correa;Adolfo León Lucumi;23/06/2027;CAST;3.113433,-76.363287
2143-170;3; CUERNAVACA II;1.86;8.51;6H3;CC 11-595;CAÑA;18/08/2020;23/12/2025;6;179;96;177;Jhon Jairo Correa;Adolfo León Lucumi;23/12/2026;CAST;0
2143-174;3; CUERNAVACA II;11.8;4.57;6H3;CC 01-1940;CAÑA;11/10/2015;22/04/2026;11;792;67;649;Jhon Jairo Correa;Adolfo León Lucumi;6/06/2027;CAST;0
2143-180;3; CUERNAVACA II;3.35;5.13;6H3;CC 01-1940;CAÑA;22/07/2015;5/04/2026;11;225;67;262;Jhon Jairo Correa;Adolfo León Lucumi;20/05/2027;CAST;3.111702,-76.366944
2143-181;3; CUERNAVACA II;4.64;5.13;6H3;CC 01-1940;CAÑA;7/10/2015;5/04/2026;11;312;67;240;Jhon Jairo Correa;Adolfo León Lucumi;20/05/2027;CAST;3.112481,-76.367685
2145-100;3; LLANITO MUCHILANGA;5;0.00;11H3;RENOVACION;OTROS CULTIVOS;16/02/2017;1/06/2022;7;639;128;650;Jhon Jairo Correa;-;1/06/2022;CAST;0
2145-103;3; LLANITO MUCHILANGA;2.37;0.00;11H3;RENOVACION;OTROS CULTIVOS;16/02/2017;1/05/2022;7;259;109;264;Jhon Jairo Correa;-;1/05/2022;CAST;3.112408,-76.374214
2145-109;3; LLANITO MUCHILANGA;2.17;0.00;11H3;RENOVACION;OTROS CULTIVOS;16/02/2017;16/07/2021;6;254;117;258;Jhon Jairo Correa;-;16/07/2021;CAST;3.115201,-76.372368
2145-111;3; LLANITO MUCHILANGA;4.23;0.00;11H3;RENOVACION;OTROS CULTIVOS;20/03/2016;28/10/2021;7;512;121;521;Jhon Jairo Correa;-;28/10/2021;CAST;3.113449,-76.371644
2145-113;3; LLANITO MUCHILANGA;0.92;0.00;11H3;RENOVACION;OTROS CULTIVOS;20/03/2016;1/06/2022;8;115;125;117;Jhon Jairo Correa;-;1/06/2022;CAST;3.113909,-76.373203
2145-121;3; LLANITO MUCHILANGA;2.87;0.00;11H3;RENOVACION;OTROS CULTIVOS;13/09/2019;1/07/2021;1;429;150;436;Jhon Jairo Correa;-;1/07/2021;CAST;0
2145-123;3; LLANITO MUCHILANGA;8.41;0.00;11H3;RENOVACION;OTROS CULTIVOS;17/07/2018;16/12/2020;1;1151;137;1170;Jhon Jairo Correa;-;16/12/2020;CAST;3.157468,-76.346967
2145-124;3; LLANITO MUCHILANGA;1;0.00;11H3;RENOVACION;OTROS CULTIVOS;13/09/2019;1/07/2021;1;137;137;139;Jhon Jairo Correa;-;1/07/2021;CAST;3.155717,-76.348061
2145-130;3; LLANITO MUCHILANGA;3.84;0.00;10H3;RENOVACION;OTROS CULTIVOS;18/04/2016;3/12/2020;1;582;152;592;Jhon Jairo Correa;-;3/12/2020;CAST;0
2145-132;3; LLANITO MUCHILANGA;2.59;0.00;10H3;RENOVACION;OTROS CULTIVOS;18/04/2016;31/05/2021;1;355;137;360;Jhon Jairo Correa;-;31/05/2021;CAST;3.155975,-76.344984
2145-140;3; LLANITO MUCHILANGA;5.84;0.00;10H3;RENOVACION;OTROS CULTIVOS;21/04/2016;4/12/2020;1;744;127;756;Jhon Jairo Correa;-;4/12/2020;CAST;3.151856,-76.346039
2145-141;3; LLANITO MUCHILANGA;5.74;0.00;10H3;RENOVACION;OTROS CULTIVOS;21/04/2016;3/12/2020;1;701;122;713;Jhon Jairo Correa;-;3/12/2020;CAST;0
2145-150;3; LLANITO MUCHILANGA;5.34;0.00;11H3;RENOVACION;OTROS CULTIVOS;8/02/2017;26/06/2021;1;624;117;634;Jhon Jairo Correa;-;26/06/2021;CAST;0
2145-151;3; LLANITO MUCHILANGA;2;0.00;11H3;RENOVACION;OTROS CULTIVOS;1/04/2017;17/07/2021;1;234;117;238;Jhon Jairo Correa;-;17/07/2021;CAST;3.156254,-76.341240
2145-153;3; LLANITO MUCHILANGA;2.88;0.00;11H3;RENOVACION;OTROS CULTIVOS;1/04/2017;17/07/2021;1;364;126;370;Jhon Jairo Correa;-;17/07/2021;CAST;3.155895,-76.342138
2146-310;3; EL LLANITO;8.93;0.00;11H3;RENOVACION;OTROS CULTIVOS;10/11/2018;1/06/2021;1;832;93;845;Jhon Jairo Correa;-;1/06/2021;CAST;0
2146-311;3; EL LLANITO;2;0.00;11H3;RENOVACION;OTROS CULTIVOS;10/11/2018;31/05/2021;1;213;106;216;Jhon Jairo Correa;-;31/05/2021;CAST;3.156232,-76.339242
2146-312;3; EL LLANITO;3;0.00;11H3;RENOVACION;OTROS CULTIVOS;10/11/2018;8/04/2021;1;414;138;421;Jhon Jairo Correa;-;8/04/2021;CAST;0
2146-340;3; EL LLANITO;4.94;0.00;11H3;RENOVACION;OTROS CULTIVOS;13/09/2018;2/12/2020;1;650;132;661;Jhon Jairo Correa;-;2/12/2020;CAST;3.159487,-76.342419
2146-341;3; EL LLANITO;3.98;0.00;11H3;RENOVACION;OTROS CULTIVOS;11/09/2018;17/12/2020;1;570;143;579;Jhon Jairo Correa;-;17/12/2020;CAST;3.153903,-76.339253
2146-342;3; EL LLANITO;1.2;0.00;11H3;RENOVACION;OTROS CULTIVOS;11/09/2018;31/05/2021;1;145;121;148;Jhon Jairo Correa;-;31/05/2021;CAST;3.144603,-76.318564
2146-350;3; EL LLANITO;0.72;0.00;11H3;RENOVACION;OTROS CULTIVOS;29/05/2015;28/10/2021;7;80;111;81;Jhon Jairo Correa;-;28/10/2021;CAST;3.144563,-76.319222
2146-352;3; EL LLANITO;1.05;0.00;11H3;RENOVACION;OTROS CULTIVOS;19/03/2016;1/08/2021;7;112;106;113;Jhon Jairo Correa;-;1/08/2021;CAST;3.149176,-76.320211
2146-357;3; EL LLANITO;1;0.00;11H3;RENOVACION;OTROS CULTIVOS;29/05/2015;1/06/2022;8;117;117;119;Jhon Jairo Correa;-;1/06/2022;CAST;3.150016,-76.317926
2146-358;3; EL LLANITO;2.42;0.00;11H3;RENOVACION;OTROS CULTIVOS;19/03/2016;28/10/2021;7;319;132;324;Jhon Jairo Correa;-;28/10/2021;CAST;3.148487,-76.317791
2146-366;3; EL LLANITO;0.72;0.00;11H3;RENOVACION;OTROS CULTIVOS;29/05/2015;15/04/2021;7;91;126;92;Jhon Jairo Correa;-;15/04/2021;CAST;3.150951,-76.318957
2228-010;3; EL GUABITO;1.77;0.00;6H4;RENOVACION;OTROS CULTIVOS;9/04/2016;13/06/2024;8;0;0;0;Jhon Jairo Correa;Adolfo León Lucumi;13/06/2024;CAST;3.264304,-76.416782
2228-012;3; EL GUABITO;5.47;0.00;6H4;RENOVACION;OTROS CULTIVOS;1/09/2015;1/06/2022;1;772;141;785;Jhon Jairo Correa;Adolfo León Lucumi;1/06/2022;CAST;3.262217,-76.415551
2228-014;3; EL GUABITO;2.4;0.00;6H4;RENOVACION;OTROS CULTIVOS;1/09/2015;11/07/2021;7;364;152;370;Jhon Jairo Correa;Adolfo León Lucumi;11/07/2021;CAST;3.266018,-76.416749
2228-020;3; EL GUABITO;5.59;0.00;6H4;RENOVACION;OTROS CULTIVOS;15/07/2014;14/06/2024;9;0;0;0;Jhon Jairo Correa;Adolfo León Lucumi;14/06/2024;CAST;3.256452,-76.254231
2228-022;3; EL GUABITO;7.42;0.00;6H4;RENOVACION;OTROS CULTIVOS;15/07/2014;1/11/2021;8;1047;141;1064;Jhon Jairo Correa;Adolfo León Lucumi;1/11/2021;CAST;3.256864,-76.252196
2228-023;3; EL GUABITO;2.58;0.00;6H4;RENOVACION;OTROS CULTIVOS;15/07/2014;9/07/2021;1;337;131;342;Jhon Jairo Correa;Adolfo León Lucumi;9/07/2021;CAST;3.299561,-76.250635
2228-029;3; EL GUABITO;13.6;0.00;6H4;RENOVACION;OTROS CULTIVOS;15/07/2014;9/07/2021;1;1862;137;1893;Jhon Jairo Correa;Adolfo León Lucumi;9/07/2021;CAST;3.295851,-76.248060
2228-030;3; EL GUABITO;2.95;0.00;6H4;RENOVACION;OTROS CULTIVOS;1/08/2014;7/02/2024;10;0;0;0;Jhon Jairo Correa;Adolfo León Lucumi;7/02/2024;CAST;3.295824,-76.244176
2228-031;3; EL GUABITO;6;0.00;6H4;RENOVACION;OTROS CULTIVOS;1/08/2014;5/03/2024;9;0;0;0;Jhon Jairo Correa;Adolfo León Lucumi;5/03/2024;CAST;3.297489,-76.247165
2228-033;3; EL GUABITO;11.69;0.00;6H4;RENOVACION;OTROS CULTIVOS;1/08/2014;17/11/2021;8;1415;121;1439;Jhon Jairo Correa;Adolfo León Lucumi;17/11/2021;CAST;3.292472,-76.245785
2228-040;3; EL GUABITO;0.8;0.00;6H4;RENOVACION;OTROS CULTIVOS;1/09/2015;4/03/2024;8;109;136;110;Jhon Jairo Correa;Adolfo León Lucumi;4/03/2024;CAST;3.295002,-76.241404
2228-041;3; EL GUABITO;4.69;0.00;6H4;RENOVACION;OTROS CULTIVOS;1/09/2015;25/11/2021;1;612;131;623;Jhon Jairo Correa;Adolfo León Lucumi;25/11/2021;CAST;3.294019,-76.242442
2228-050;3; EL GUABITO;2.63;2.10;6H4;CC 01-1940;CAÑA;4/06/2015;6/07/2026;10;184;70;158;Jhon Jairo Correa;Adolfo León Lucumi;21/07/2027;CAST;3.268618,-76.236843
2228-060;3; EL GUABITO;0.97;0.00;6H4;RENOVACION;OTROS CULTIVOS;1/09/2015;1/12/2023;9;0;0;0;Jhon Jairo Correa;Adolfo León Lucumi;1/12/2023;CAST;0
2229-040;3; SAN LUIS CASTILLA;6.36;0.00;6H3;RENOVACION;OTROS CULTIVOS;18/10/2013;7/10/2021;1;804;126;817;Jhon Jairo Correa;-;7/10/2021;CAST;3.272071,-76.235044
2229-044;3; SAN LUIS CASTILLA;17.1;0.00;6H3;RENOVACION;OTROS CULTIVOS;18/10/2013;7/10/2021;1;2179;127;2215;Jhon Jairo Correa;-;7/10/2021;CAST;3.270460,-76.235564
2229-060;3; SAN LUIS CASTILLA;10.28;0.00;6H3;RENOVACION;OTROS CULTIVOS;24/10/2016;7/10/2021;1;1558;152;1584;Jhon Jairo Correa;-;7/10/2021;CAST;3.274985,-76.233322
2229-070;3; SAN LUIS CASTILLA;0.71;0.00;6H3;RENOVACION;OTROS CULTIVOS;6/03/2017;8/10/2021;1;87;122;88;Jhon Jairo Correa;-;8/10/2021;CAST;0
2229-071;3; SAN LUIS CASTILLA;9.78;0.00;6H3;RENOVACION;OTROS CULTIVOS;6/03/2017;31/05/2021;1;1133;116;1151;Jhon Jairo Correa;-;31/05/2021;CAST;3.147114,-76.291931
2229-080;3; SAN LUIS CASTILLA;1.34;0.00;6H3;RENOVACION;OTROS CULTIVOS;16/02/2018;19/11/2021;1;203;152;206;Jhon Jairo Correa;-;19/11/2021;CAST;0
2700-010;3; CAPSA;2.11;2.20;18H4;CC 11-595;CAÑA;3/03/2020;3/07/2026;7;239;113;253;Jhon Jairo Correa;Herminsul Fernandez;18/07/2027;CAST;3.150678,-76.292663
2700-011;3; CAPSA;2.88;2.20;18H4;CC 11-595;CAÑA;3/03/2020;3/07/2026;7;326;113;330;Jhon Jairo Correa;Herminsul Fernandez;9/07/2027;CAST;3.151715,-76.290421
2700-012;3; CAPSA;6.08;0.85;18H4;CC 05-430;CAÑA;27/07/2025;13/08/2026;2;846;139;775;Jhon Jairo Correa;Herminsul Fernandez;28/08/2027;CAST;3.149693,-76.288319
4121-560;2; VANEGAS REPORTE;6.11;3.09;6H2;VARIAS;CAÑA;6/06/2026;29/08/2025;1;0;0;489;Esteban Arias;Alexander Muñoz;6/06/2027;CAUC;3.150255,-76.288731
4121-570;2; VANEGAS REPORTE;7.75;3.09;6H2;VARIAS;CAÑA;6/06/2026;29/08/2025;1;0;0;620;Esteban Arias;Alexander Muñoz;6/06/2027;CAUC;0
4217-014;2; LLANO MEDIO CASTILLA;5.99;3.68;11H2;CC 18-1040;CAÑA;19/05/2026;23/08/2025;1;682;114;682;Esteban Arias;Juan Camilo Ramirez;19/05/2027;CAUC;3.155824,-76.294429
4217-015;2; LLANO MEDIO CASTILLA;8.2;0.00;11H2;RENOVACION;CAÑA;23/02/2017;31/07/2026;1;0;0;0;Esteban Arias;Juan Camilo Ramirez;15/08/2027;CAUC;3.155993,-76.293344
4217-020;2; LLANO MEDIO CASTILLA;5.56;13.73;11H2;CC 09-066;CAÑA;17/07/2025;31/12/2024;1;677;122;668;Esteban Arias;Juan Camilo Ramirez;16/09/2026;CAUC;0
4217-021;2; LLANO MEDIO CASTILLA;3.06;11.10;11H2;CC 05-430;CAÑA;5/10/2025;31/12/2024;1;275;90;272;Esteban Arias;Juan Camilo Ramirez;29/09/2026;CAUC;0
4217-030;2; LLANO MEDIO CASTILLA;8.5;3.55;11H2;CC 09-066;CAÑA;23/05/2026;23/08/2025;1;968;114;968;Esteban Arias;Juan Camilo Ramirez;23/05/2027;CAUC;3.154800,-76.290681
4217-040;2; LLANO MEDIO CASTILLA;5.2;0.00;11H2;RENOVACION;CAÑA;24/03/2016;31/07/2026;1;0;0;0;Esteban Arias;Juan Camilo Ramirez;15/08/2027;CAUC;0
4217-050;2; LLANO MEDIO CASTILLA;7.13;8.31;11H2;CC 05-430;CAÑA;19/12/2024;29/12/2025;2;812;114;739;Esteban Arias;Juan Camilo Ramirez;29/12/2026;CAUC;3.154762,-76.287750
4217-060;2; LLANO MEDIO CASTILLA;3.58;0.00;11H2;RENOVACION;CAÑA;10/05/2019;31/07/2026;1;0;0;0;Esteban Arias;Juan Camilo Ramirez;15/08/2027;CAUC;3.151733,-76.286039
4217-070;2; LLANO MEDIO CASTILLA;1.23;0.00;11H2;RENOVACION;CAÑA;13/03/2016;31/07/2026;1;0;0;0;Esteban Arias;Juan Camilo Ramirez;15/08/2027;CAUC;3.152846,-76.287244
4217-080;2; LLANO MEDIO CASTILLA;2.16;0.56;11H2;CC 18-1059;CAÑA;22/08/2026;13/02/2026;1;0;0;0;Esteban Arias;Juan Camilo Ramirez;6/09/2027;CAUC;0
4217-090;2; LLANO MEDIO CASTILLA;3.14;8.31;11H2;CC 11-0132;CAÑA;4/11/2023;29/12/2025;3;334;106;300;Esteban Arias;Juan Camilo Ramirez;29/12/2026;CAUC;3.153813,-76.285445
4217-110;2; LLANO MEDIO CASTILLA;2.01;1.58;11H2;CC 05-430;CAÑA;30/09/2025;22/07/2026;2;229;114;238;Esteban Arias;Juan Camilo Ramirez;22/07/2027;CAUC;3.151360,-76.284249
4781-010;2; LA FRONTERA MIRANDA;2.4;1.94;11H4;VARIAS;SEMILLA;31/07/2025;11/07/2026;2;292;122;174;Esteban Arias;Alexander Muñoz;11/05/2027;CAUC;3.161398,-76.299101
4781-011;2; LA FRONTERA MIRANDA;0.16;13.27;11H4;VARIAS;CAÑA;31/07/2025;31/12/2024;1;19;122;16;Esteban Arias;Alexander Muñoz;14/09/2026;CAUC;3.158428,-76.295217
4781-021;2; LA FRONTERA MIRANDA;3.38;0.59;11H4;CC 05-430;CAÑA;18/12/2024;21/08/2026;3;385;114;380;Esteban Arias;Alexander Muñoz;21/08/2027;CAUC;3.156633,-76.291144
4781-022;2; LA FRONTERA MIRANDA;3.55;0.00;11H4;RENOVACION;CAÑA;26/08/2010;31/07/2026;1;0;0;0;Esteban Arias;Alexander Muñoz;15/08/2027;CAUC;3.157714,-76.290855
4781-024;2; LA FRONTERA MIRANDA;0.13;5.78;11H4;CC 05-430;CAÑA;18/12/2024;16/03/2026;2;17;129;17;Esteban Arias;Alexander Muñoz;31/05/2027;CAUC;3.160938,-76.295115
4781-031;2; LA FRONTERA MIRANDA;8.86;5.72;11H4;CC 09-066;CAÑA;28/02/2025;18/03/2026;2;1009;114;1019;Esteban Arias;Alexander Muñoz;17/04/2027;CAUC;3.159875,-76.290788
4305-020;3; LA MARIA CAUCAGRANDE;9.7;0.00;6H4;RENOVACION;OTROS CULTIVOS;23/06/2016;4/08/2021;1;1194;123;1214;Jhon Jairo Correa;-;4/08/2021;CAUC;3.164801,-76.298127
4305-023;3; LA MARIA CAUCAGRANDE;1;0.00;6H4;RENOVACION;OTROS CULTIVOS;23/06/2016;31/05/2021;1;94;94;95;Jhon Jairo Correa;-;31/05/2021;CAUC;3.163653,-76.298653
4305-030;3; LA MARIA CAUCAGRANDE;11.56;0.00;8H4;RENOVACION;OTROS CULTIVOS;27/09/2016;14/09/2021;1;1423;123;1446;Jhon Jairo Correa;-;14/09/2021;CAUC;3.162166,-76.294298
4305-031;3; LA MARIA CAUCAGRANDE;1.53;0.00;8H4;RENOVACION;OTROS CULTIVOS;25/08/2017;14/09/2021;1;142;93;144;Jhon Jairo Correa;-;14/09/2021;CAUC;3.251648,-76.422492
4305-060;3; LA MARIA CAUCAGRANDE;10.92;0.00;8H4;RENOVACION;OTROS CULTIVOS;16/06/2017;11/08/2021;1;1000;92;1016;Jhon Jairo Correa;-;11/08/2021;CAUC;3.258054,-76.416097
4305-061;3; LA MARIA CAUCAGRANDE;0.1;0.00;8H4;RENOVACION;OTROS CULTIVOS;1/10/2017;1/12/2021;1;9;92;9;Jhon Jairo Correa;-;1/12/2021;CAUC;3.257143,-76.413566
4305-063;3; LA MARIA CAUCAGRANDE;3.8;0.00;8H4;RENOVACION;OTROS CULTIVOS;1/10/2017;3/02/2021;1;348;92;354;Jhon Jairo Correa;-;3/02/2021;CAUC;3.061642,-76.491867
4305-070;3; LA MARIA CAUCAGRANDE;2.5;0.00;11H4;RENOVACION;OTROS CULTIVOS;15/10/2015;11/08/2021;7;279;112;284;Jhon Jairo Correa;-;11/08/2021;CAUC;3.062547,-76.494371
4305-071;3; LA MARIA CAUCAGRANDE;1.54;0.00;11H4;RENOVACION;OTROS CULTIVOS;15/10/2015;11/08/2021;6;165;107;168;Jhon Jairo Correa;-;11/08/2021;CAUC;3.065162,-76.493609
4305-072;3; LA MARIA CAUCAGRANDE;2.5;0.00;11H4;RENOVACION;OTROS CULTIVOS;15/10/2015;11/08/2021;1;155;62;158;Jhon Jairo Correa;-;11/08/2021;CAUC;3.065645,-76.492186
4305-073;3; LA MARIA CAUCAGRANDE;1.14;0.00;11H4;RENOVACION;OTROS CULTIVOS;15/10/2015;11/08/2021;1;71;62;72;Jhon Jairo Correa;-;11/08/2021;CAUC;3.067183,-76.491191
4305-080;3; LA MARIA CAUCAGRANDE;10.45;0.00;8H4;RENOVACION;OTROS CULTIVOS;17/10/2015;1/09/2021;6;681;65;693;Jhon Jairo Correa;-;1/09/2021;CAUC;3.243004,-76.424876
4305-081;3; LA MARIA CAUCAGRANDE;3.28;0.00;8H4;RENOVACION;OTROS CULTIVOS;17/10/2015;1/09/2021;1;210;64;214;Jhon Jairo Correa;-;1/09/2021;CAUC;3.245181,-76.424791
4305-090;3; LA MARIA CAUCAGRANDE;7.67;0.00;8H5;RENOVACION;OTROS CULTIVOS;24/08/2017;3/02/2021;1;476;62;484;Jhon Jairo Correa;-;3/02/2021;CAUC;0
4305-100;3; LA MARIA CAUCAGRANDE;6.19;0.00;8H4;RENOVACION;OTROS CULTIVOS;23/06/2017;1/10/2021;1;387;63;394;Jhon Jairo Correa;-;1/10/2021;CAUC;3.244200,-76.422597
4305-101;3; LA MARIA CAUCAGRANDE;0.05;0.00;8H4;RENOVACION;OTROS CULTIVOS;24/10/2017;1/12/2021;1;0;0;0;Jhon Jairo Correa;-;1/12/2021;CAUC;4.334027,-76.106642
4305-102;3; LA MARIA CAUCAGRANDE;1.29;0.00;8H4;RENOVACION;OTROS CULTIVOS;24/10/2017;3/02/2021;1;80;62;81;Jhon Jairo Correa;-;3/02/2021;CAUC;4.336145,-76.106350
4305-110;3; LA MARIA CAUCAGRANDE;4.35;0.00;8H4;RENOVACION;OTROS CULTIVOS;16/08/2018;1/10/2021;1;270;62;274;Jhon Jairo Correa;-;1/10/2021;CAUC;4.337606,-76.110587
4305-111;3; LA MARIA CAUCAGRANDE;6;0.00;8H4;RENOVACION;OTROS CULTIVOS;16/08/2018;1/10/2021;1;372;62;378;Jhon Jairo Correa;-;1/10/2021;CAUC;4.337287,-76.115863
4305-120;3; LA MARIA CAUCAGRANDE;6.95;0.00;11H3;RENOVACION;OTROS CULTIVOS;9/03/2017;24/07/2021;5;448;65;456;Jhon Jairo Correa;-;24/07/2021;CAUC;4.338360,-76.117521
4305-130;3; LA MARIA CAUCAGRANDE;16.56;0.00;11H4;RENOVACION;OTROS CULTIVOS;16/03/2017;11/08/2021;5;1167;70;1186;Jhon Jairo Correa;-;11/08/2021;CAUC;4.338527,-76.121068
4305-140;3; LA MARIA CAUCAGRANDE;2.76;0.00;11H4;RENOVACION;OTROS CULTIVOS;22/03/2017;12/08/2021;5;171;62;174;Jhon Jairo Correa;-;12/08/2021;CAUC;4.338317,-76.124018
4305-141;3; LA MARIA CAUCAGRANDE;2.6;0.00;11H4;RENOVACION;OTROS CULTIVOS;22/03/2017;14/08/2021;5;161;62;164;Jhon Jairo Correa;-;14/08/2021;CAUC;4.340294,-76.126396
4305-160;3; LA MARIA CAUCAGRANDE;16.92;0.00;11H4;RENOVACION;OTROS CULTIVOS;8/12/2015;10/08/2021;6;1085;64;1103;Jhon Jairo Correa;-;10/08/2021;CAUC;4.336638,-76.127201
4305-170;3; LA MARIA CAUCAGRANDE;4.26;0.00;11H4;RENOVACION;OTROS CULTIVOS;5/10/2015;6/08/2021;6;264;62;269;Jhon Jairo Correa;-;6/08/2021;CAUC;4.335770,-76.130195
4305-180;3; LA MARIA CAUCAGRANDE;2.68;0.00;11H4;RENOVACION;OTROS CULTIVOS;8/09/2019;25/09/2021;3;166;62;169;Jhon Jairo Correa;-;25/09/2021;CAUC;4.335258,-76.133088
4305-182;3; LA MARIA CAUCAGRANDE;3.18;0.00;11H4;RENOVACION;OTROS CULTIVOS;2/03/2017;23/07/2021;5;207;65;211;Jhon Jairo Correa;-;23/07/2021;CAUC;4.335675,-76.136115
4305-190;3; LA MARIA CAUCAGRANDE;4.38;0.00;11H4;RENOVACION;OTROS CULTIVOS;28/10/2016;9/08/2021;5;272;62;276;Jhon Jairo Correa;-;9/08/2021;CAUC;4.340017,-76.129230
4701-202;3; PAMPA I CAUCA GRANDE;6.55;1.51;18H3;CC 16-3205;SEMILLA;30/08/2024;24/07/2026;3;419;64;419;Jhon Jairo Correa;Herminsul Fernandez;24/05/2027;CAUC;4.340557,-76.131894
4708-021;3; CENTRAL COLOMBIA CAU;16.97;2.46;11H2;CC 05-430;CAÑA;3/03/2020;25/06/2026;7;2181;129;1985;Jhon Jairo Correa;Herminsul Fernandez;25/06/2027;CAUC;4.341090,-76.134642
4708-022;3; CENTRAL COLOMBIA CAU;22.46;2.27;11H2;CC 05-430;CAÑA;21/01/2020;1/07/2026;7;2707;121;2680;Jhon Jairo Correa;Herminsul Fernandez;16/07/2027;CAUC;4.340747,-76.137115
4712-010;3; CHAMBA - CAUCAGRANDE;7.68;8.51;7H2;CC 11-595;CAÑA;1/11/2022;23/12/2025;4;604;79;623;Jhon Jairo Correa;Adolfo León Lucumi;23/12/2026;CAUC;4.339128,-76.105188
4712-013;3; CHAMBA - CAUCAGRANDE;7.99;8.57;7H2;VARIAS;CAÑA;10/11/2022;21/12/2025;4;628;79;648;Jhon Jairo Correa;Adolfo León Lucumi;21/12/2026;CAUC;4.341827,-76.104648
4712-020;3; CHAMBA - CAUCAGRANDE;6.45;8.57;7H2;CC 05-430;CAÑA;9/11/2022;21/12/2025;4;507;79;523;Jhon Jairo Correa;Adolfo León Lucumi;21/12/2026;CAUC;4.341881,-76.108177
4712-022;3; CHAMBA - CAUCAGRANDE;6.97;8.54;7H2;CC 05-430;CAÑA;6/11/2022;22/12/2025;4;548;79;565;Jhon Jairo Correa;Adolfo León Lucumi;22/12/2026;CAUC;4.339756,-76.109453
4712-023;3; CHAMBA - CAUCAGRANDE;3.74;8.54;7H2;CC 05-430;CAÑA;4/11/2022;22/12/2025;4;294;79;303;Jhon Jairo Correa;Adolfo León Lucumi;22/12/2026;CAUC;4.340884,-76.113061
4716-010;3; GUENGUE CAUCAGRANDE;1.33;2.23;18H1;CC 12-2120;CAÑA;12/03/2024;2/07/2026;3;168;126;160;Jhon Jairo Correa;Herminsul Fernandez;17/07/2027;CAUC;4.343414,-76.111026
4716-011;3; GUENGUE CAUCAGRANDE;10.12;1.91;18H1;CC 12-2120;CAÑA;21/09/2023;12/07/2026;4;1238;122;1189;Jhon Jairo Correa;Herminsul Fernandez;27/07/2027;CAUC;4.343922,-76.113264
4716-015;3; GUENGUE CAUCAGRANDE;4.45;3.25;18H1;CC 12-2120;CAÑA;21/09/2023;1/06/2026;4;544;122;501;Jhon Jairo Correa;Herminsul Fernandez;16/06/2027;CAUC;4.344226,-76.114760
4716-020;3; GUENGUE CAUCAGRANDE;3.33;1.25;18H1;CC 18-3113;CAÑA;31/07/2025;1/08/2026;2;448;134;342;Jhon Jairo Correa;Herminsul Fernandez;16/08/2027;CAUC;4.343188,-76.116522
3106-010;1; LA LUISA;4.43;9.33;15H1;CC 05-430;CAÑA;5/12/2020;28/11/2025;6;654;148;587;Bran Arenas Alejandra;Luis Millan;28/11/2026;RIOP;4.344860,-76.117604
3106-020;1; LA LUISA;10.63;9.33;15H1;VARIAS;CAÑA;4/12/2020;28/11/2025;6;1569;148;1408;Bran Arenas Alejandra;Luis Millan;28/11/2026;RIOP;4.342068,-76.118205
3106-030;1; LA LUISA;19.33;5.22;15H1;CC 05-430;CAÑA;31/03/2024;2/04/2026;3;2969;154;2648;Bran Arenas Alejandra;Luis Millan;2/04/2027;RIOP;4.343833,-76.119962
3106-040;1; LA LUISA;14.22;11.60;15H1;CC 01-1940;CAÑA;10/07/2015;20/09/2025;11;2012;142;639;Bran Arenas Alejandra;Luis Millan;20/09/2026;RIOP;4.345638,-76.119575
3106-050;1; LA LUISA;19.21;5.49;15H1;CC 05-430;CAÑA;30/01/2021;25/03/2026;6;2812;146;2812;Bran Arenas Alejandra;Luis Millan;25/03/2027;RIOP;4.342050,-76.120354
3106-060;1; LA LUISA;15.55;12.29;15H1;CC 09-066;CAÑA;30/08/2025;26/01/2025;1;2352;151;2121;Bran Arenas Alejandra;Luis Millan;14/09/2026;RIOP;4.343027,-76.122946
3106-071;1; LA LUISA;17.67;11.56;15H1;VARIAS;CAÑA;10/08/2019;21/09/2025;7;2458;139;2163;Bran Arenas Alejandra;Luis Millan;21/09/2026;RIOP;4.345812,-76.122334
3106-080;1; LA LUISA;12;8.90;15H1;CC 05-430;CAÑA;30/12/2023;11/12/2025;3;1582;132;1469;Bran Arenas Alejandra;Luis Millan;11/12/2026;RIOP;4.345010,-76.125258
3106-081;1; LA LUISA;11.68;2.53;15H1;VARIAS;CAÑA;26/02/2020;23/06/2026;7;1498;128;1498;Bran Arenas Alejandra;Luis Millan;23/06/2027;RIOP;4.345608,-76.127988
3106-090;1; LA LUISA;9.7;8.77;15H1;CC 05-430;CAÑA;26/01/2022;15/12/2025;5;1406;145;1284;Bran Arenas Alejandra;Luis Millan;15/12/2026;RIOP;4.344731,-76.130988
3106-100;1; LA LUISA;17.11;11.30;15H1;CC 01-1940;CAÑA;16/08/2018;29/09/2025;8;2328;136;1735;Bran Arenas Alejandra;Luis Millan;14/10/2026;RIOP;4.347541,-76.130359
3106-110;1; LA LUISA;20.22;2.23;10H3;CC 10-450;CAÑA;2/04/2019;2/07/2026;8;2593;128;1911;Bran Arenas Alejandra;Luis Millan;2/07/2027;RIOP;4.348294,-76.133742
3106-130;1; LA LUISA;17.34;0.59;15H1;CC 99-2282;CAÑA;14/08/2021;21/08/2026;6;2328;134;1525;Bran Arenas Alejandra;Luis Millan;5/09/2027;RIOP;4.347275,-76.132537
3106-140;1; LA LUISA;17.78;8.54;10H3;CC 11-595;CAÑA;17/11/2020;22/12/2025;6;2323;131;2176;Bran Arenas Alejandra;Luis Millan;22/12/2026;RIOP;4.345357,-76.133615
3106-150;1; LA LUISA;17.85;5.68;5H3;CC 01-1940;CAÑA;30/11/2021;19/03/2026;5;2224;125;2224;Bran Arenas Alejandra;Luis Millan;3/07/2027;RIOP;4.344811,-76.103447
3106-160;1; LA LUISA;6.39;12.12;5H3;CC 01-1940;CAÑA;23/12/2014;4/09/2025;11;819;128;712;Bran Arenas Alejandra;Luis Millan;4/09/2026;RIOP;4.345214,-76.104929
3106-170;1; LA LUISA;13.05;10.32;15H1;CC 85-92;CAÑA;4/09/2009;29/10/2025;18;1642;126;1571;Bran Arenas Alejandra;Luis Millan;29/10/2026;RIOP;4.346376,-76.111298
3106-171;1; LA LUISA;11.1;1.08;15H1;CC 01-1940;CAÑA;1/04/2021;6/08/2026;6;1504;135;1070;Bran Arenas Alejandra;Luis Millan;6/08/2027;RIOP;4.346925,-76.107915
3106-180;1; LA LUISA;17.56;12.42;15H1;CC 01-1940;CAÑA;21/08/2018;26/08/2025;8;2443;139;2044;Bran Arenas Alejandra;Luis Millan;10/09/2026;RIOP;4.345848,-76.108089
3106-181;1; LA LUISA;3.01;9.63;15H1;CC 11-595;CAÑA;24/10/2020;19/11/2025;6;386;128;338;Bran Arenas Alejandra;Luis Millan;19/11/2026;RIOP;4.344874,-76.108312
3106-190;1; LA LUISA;17.14;11.33;15H1;CC 93-3826;CAÑA;30/09/2012;28/09/2025;14;2426;142;2184;Bran Arenas Alejandra;Luis Millan;13/10/2026;RIOP;0
3106-200;1; LA LUISA;10.54;9.30;15H1;CC 11-595;CAÑA;22/12/2020;29/11/2025;6;1313;125;1185;Bran Arenas Alejandra;Luis Millan;29/11/2026;RIOP;4.347063,-76.113364
3106-210;1; LA LUISA;5.24;0.26;15H1;CC 05-430;CAÑA;15/08/2024;31/08/2026;3;716;137;610;Bran Arenas Alejandra;Luis Millan;15/09/2027;RIOP;4.347526,-76.115587
3106-211;1; LA LUISA;5.23;11.30;15H1;CC 05-430;CAÑA;26/07/2019;29/09/2025;7;690;132;530;Bran Arenas Alejandra;Luis Millan;14/10/2026;RIOP;4.347811,-76.116952
3106-220;1; LA LUISA;8.78;11.20;23H0;CC 93-3826;CAÑA;2/08/2016;2/10/2025;11;1126;128;1075;Bran Arenas Alejandra;Luis Millan;17/10/2026;RIOP;4.348103,-76.118287
3106-221;1; LA LUISA;4.48;9.92;10H3;CC 01-1940;CAÑA;26/06/2015;10/11/2025;12;596;133;526;Bran Arenas Alejandra;Luis Millan;10/11/2026;RIOP;4.348373,-76.119636
3106-222;1; LA LUISA;4.46;9.63;10H3;CC 12-2120;CAÑA;21/11/2023;19/11/2025;3;534;120;501;Bran Arenas Alejandra;Luis Millan;19/11/2026;RIOP;4.349757,-76.124703
3106-230;1; LA LUISA;5.26;9.86;10H3;CC 01-1940;CAÑA;18/08/2016;12/11/2025;10;636;121;643;Bran Arenas Alejandra;Luis Millan;12/11/2026;RIOP;4.348827,-76.121663
3106-231;1; LA LUISA;6.25;10.35;7H0;CC 01-1940;CAÑA;22/08/2016;28/10/2025;10;801;128;734;Bran Arenas Alejandra;Luis Millan;28/10/2026;RIOP;4.349216,-76.123439
3106-232;1; LA LUISA;5.73;5.49;10H3;VARIAS;CAÑA;24/02/2022;25/03/2026;5;686;120;686;Bran Arenas Alejandra;Luis Millan;25/03/2027;RIOP;4.349285,-76.128581
3106-240;1; LA LUISA;8.82;8.67;7H0;CC 01-1940;CAÑA;29/10/2020;18/12/2025;6;1131;128;1080;Bran Arenas Alejandra;Luis Millan;18/12/2026;RIOP;4.350235,-76.128329
3106-241;1; LA LUISA;8.78;9.92;7H0;CC 01-1940;CAÑA;24/08/2016;10/11/2025;10;1126;128;1075;Bran Arenas Alejandra;Luis Millan;10/11/2026;RIOP;4.351247,-76.128130
3106-250;1; LA LUISA;17.72;1.48;7H0;CC 11-600;CAÑA;12/03/2020;25/07/2026;7;2208;125;2208;Bran Arenas Alejandra;Luis Millan;25/07/2027;RIOP;4.351139,-76.132664
3106-260;1; LA LUISA;17.59;6.67;7H0;VARIAS;CAÑA;21/02/2023;17/02/2026;4;2266;129;2266;Bran Arenas Alejandra;Luis Millan;19/03/2027;RIOP;4.348831,-76.103440
3106-270;1; LA LUISA;8.52;6.08;7H0;CC 05-430;CAÑA;29/02/2024;7/03/2026;3;1144;134;1144;Bran Arenas Alejandra;Luis Millan;22/03/2027;RIOP;4.351190,-76.102960
3106-271;1; LA LUISA;8.82;11.56;7H0;CC 01-1940;CAÑA;10/08/2021;21/09/2025;5;1131;128;1036;Bran Arenas Alejandra;Luis Millan;21/09/2026;RIOP;4.352227,-76.107524
3106-280;1; LA LUISA;9.94;1.45;10H3;CC 05-430;CAÑA;30/04/2024;26/07/2026;3;1453;146;1292;Bran Arenas Alejandra;Luis Millan;26/07/2027;RIOP;4.349023,-76.108284
3106-281;1; LA LUISA;1.97;1.45;10H3;VARIAS;CAÑA;5/05/2022;26/07/2026;5;219;111;219;Bran Arenas Alejandra;Luis Millan;10/08/2027;RIOP;4.350443,-76.109078
3106-282;1; LA LUISA;7.52;5.55;10H3;VARIAS;CAÑA;17/02/2022;23/03/2026;5;964;128;964;Bran Arenas Alejandra;Luis Millan;23/03/2027;RIOP;4.351667,-76.112371
3106-300;1; LA LUISA;5.59;12.58;5H3;CC 05-430;CAÑA;16/01/2023;21/08/2025;4;751;134;735;Bran Arenas Alejandra;Luis Millan;5/09/2026;RIOP;4.352571,-76.115195
3106-302;1; LA LUISA;5.53;6.77;5H3;VARIAS;CAÑA;8/02/2022;14/02/2026;5;662;120;662;Bran Arenas Alejandra;Luis Millan;14/02/2027;RIOP;4.351326,-76.118998
3106-310;1; LA LUISA;2.34;9.33;15H1;CC 11-0129;CAÑA;15/12/2022;28/11/2025;4;317;135;322;Bran Arenas Alejandra;Luis Millan;28/11/2026;RIOP;4.352796,-76.117278
3106-311;1; LA LUISA;5.94;6.80;15H1;VARIAS;CAÑA;17/10/2020;13/02/2026;6;812;137;812;Bran Arenas Alejandra;Luis Millan;13/02/2027;RIOP;4.354331,-76.118316
3106-312;1; LA LUISA;6.09;11.47;15H1;CC 01-1228;CAÑA;23/08/2019;24/09/2025;7;825;135;776;Bran Arenas Alejandra;Luis Millan;24/09/2026;RIOP;4.354218,-76.120473
3106-313;1; LA LUISA;5.38;8.87;15H1;VARIAS;CAÑA;19/01/2018;12/12/2025;9;759;141;712;Bran Arenas Alejandra;Luis Millan;12/12/2026;RIOP;4.353775,-76.123495
3106-314;1; LA LUISA;1.84;5.16;15H1;CC 05-430;CAÑA;15/12/2022;4/04/2026;5;267;145;259;Bran Arenas Alejandra;Luis Millan;19/04/2027;RIOP;4.355500,-76.125125
3106-320;1; LA LUISA;10.82;0.82;15H1;CC 10-450;CAÑA;10/07/2018;14/08/2026;9;1584;146;1257;Bran Arenas Alejandra;Luis Millan;14/08/2027;RIOP;4.355126,-76.126598
3106-330;1; LA LUISA;5.0305;11.56;6H1;CC 93-3826;CAÑA;17/01/2005;21/09/2025;23;735;146;565;Bran Arenas Alejandra;Luis Millan;21/09/2026;RIOP;4.352413,-76.125967
3106-331;1; LA LUISA;4.25;11.56;6H1;CC 93-3826;CAÑA;17/01/2005;21/09/2025;22;607;143;520;Bran Arenas Alejandra;Luis Millan;21/09/2026;RIOP;4.353974,-76.131308
3106-340;1; LA LUISA;4.61;11.43;6H1;CC 01-1940;CAÑA;30/08/2018;25/09/2025;8;627;136;587;Bran Arenas Alejandra;Luis Millan;25/09/2026;RIOP;4.356422,-76.130111
3106-342;1; LA LUISA;4.84;4.47;6H1;CC 85-92;CAÑA;25/04/2026;2/03/2026;1;621;128;621;Bran Arenas Alejandra;Luis Millan;10/05/2027;RIOP;4.357836,-76.129691
3106-350;1; LA LUISA;6.44;8.90;15H1;VARIAS;CAÑA;22/01/2021;11/12/2025;6;856;133;821;Bran Arenas Alejandra;Luis Millan;11/12/2026;RIOP;4.354045,-76.102625
3106-351;1; LA LUISA;9.73;5.68;6H1;CC 99-2282;CAÑA;21/03/2023;19/03/2026;4;1389;143;1389;Bran Arenas Alejandra;Luis Millan;19/03/2027;RIOP;4.354505,-76.105388
3106-352;1; LA LUISA;3.3;10.94;15H1;CC 01-1228;CAÑA;10/06/2009;10/10/2025;17;423;128;387;Bran Arenas Alejandra;Luis Millan;10/10/2026;RIOP;4.355952,-76.109906
3106-360;1; LA LUISA;6.44;8.71;15H1;CC 05-430;CAÑA;17/12/2025;9/10/2025;1;810;126;885;Bran Arenas Alejandra;Luis Millan;17/12/2026;RIOP;4.356696,-76.115680
3106-361;1; LA LUISA;6.25;7.23;7H1;CC 11-0129;CAÑA;31/01/2026;10/10/2025;1;786;126;786;Bran Arenas Alejandra;Luis Millan;31/01/2027;RIOP;4.357950,-76.114563
3106-362;1; LA LUISA;6.72;9.03;15H1;CC 01-1940;CAÑA;4/02/2022;7/12/2025;5;845;126;856;Bran Arenas Alejandra;Luis Millan;7/12/2026;RIOP;4.358533,-76.117205
3106-370;1; LA LUISA;11.97;7.20;10H3;CC 11-595;CAÑA;28/12/2019;1/02/2026;7;1508;126;1508;Bran Arenas Alejandra;Luis Millan;3/04/2027;RIOP;4.357893,-76.121058
3107-380;1; LA LUISA;5.41;8.31;10H3;CC 99-2282;CAÑA;3/09/2019;29/12/2025;6;719;133;608;Bran Arenas Alejandra;Manuel Primero;29/12/2026;RIOP;4.359319,-76.120747
3107-390;1; LA LUISA;9.87;1.94;10H3;CC 11-0129;CAÑA;11/07/2026;21/03/2026;1;1230;125;1230;Bran Arenas Alejandra;Manuel Primero;11/07/2027;RIOP;4.360357,-76.126660
3107-400;1; LA LUISA;21.76;8.71;1H1;CC 05-430;CAÑA;27/01/2024;17/12/2025;3;2739;126;2772;Bran Arenas Alejandra;Manuel Primero;17/12/2026;RIOP;4.359297,-76.125241
3107-410;1; LA LUISA;19.03;8.90;1H1;VARIAS;CAÑA;17/01/2024;11/12/2025;4;2638;139;2520;Bran Arenas Alejandra;Manuel Primero;11/12/2026;RIOP;4.360366,-76.130247
3107-412;1; LA LUISA;2.64;8.90;15H1;CC 05-430;CAÑA;31/12/2023;11/12/2025;4;364;138;363;Bran Arenas Alejandra;Manuel Primero;11/12/2026;RIOP;4.358224,-76.107841
3107-420;1; LA LUISA;22.33;9.07;23H0;CC 05-430;CAÑA;21/12/2023;6/12/2025;3;3241;145;3180;Bran Arenas Alejandra;Manuel Primero;6/12/2026;RIOP;4.358222,-76.107840
3107-430;1; LA LUISA;20.06;0.26;7H0;CC 99-2282;CAÑA;14/08/2019;31/08/2026;8;2912;145;2435;Bran Arenas Alejandra;Manuel Primero;15/09/2027;RIOP;4.359697,-76.110117
3107-440;1; LA LUISA;4.47;5.82;7H0;CC 05-430;CAÑA;14/04/2020;15/03/2026;6;653;146;653;Bran Arenas Alejandra;Manuel Primero;15/03/2027;RIOP;4.360558,-76.111495
3107-441;1; LA LUISA;9.98;6.31;6H1;CC 11-595;CAÑA;15/05/2020;28/02/2026;7;1280;128;1280;Bran Arenas Alejandra;Manuel Primero;30/03/2027;RIOP;4.361164,-76.113322
3107-443;1; LA LUISA;5.11;5.82;6H1;CC 01-1940;CAÑA;17/11/2012;15/03/2026;14;747;146;747;Bran Arenas Alejandra;Manuel Primero;15/03/2027;RIOP;4.361737,-76.115967
3107-450;1; LA LUISA;19.2;5.16;15H1;CC 05-430;CAÑA;15/04/2023;4/04/2026;4;2601;135;1728;Bran Arenas Alejandra;Manuel Primero;4/04/2027;RIOP;4.362306,-76.118643
3107-460;1; LA LUISA;19.28;8.77;15H1;CC 99-2282;CAÑA;1/02/2019;15/12/2025;9;2659;138;2553;Bran Arenas Alejandra;Manuel Primero;15/12/2026;RIOP;4.362989,-76.121781
3107-470;1; LA LUISA;7.5;11.17;15H1;CC 01-1228;CAÑA;25/07/2014;3/10/2025;12;1007;134;956;Bran Arenas Alejandra;Manuel Primero;18/10/2026;RIOP;4.362716,-76.120445
3107-473;1; LA LUISA;8.7;6.87;15H1;VARIAS;CAÑA;28/01/2021;11/02/2026;6;1179;135;1179;Bran Arenas Alejandra;Manuel Primero;13/03/2027;RIOP;4.363479,-76.124016
3107-474;1; LA LUISA;2.87;6.90;15H1;CC 05-430;CAÑA;7/02/2022;10/02/2026;5;391;136;391;Bran Arenas Alejandra;Manuel Primero;12/03/2027;RIOP;4.364057,-76.126681
3107-480;1; LA LUISA;22.92;9.63;6H1;CC 01-1940;CAÑA;20/10/2016;19/11/2025;10;3077;134;3107;Bran Arenas Alejandra;Manuel Primero;19/11/2026;RIOP;4.365266,-76.129372
3107-490;1; LA LUISA;10.64;10.94;6H1;CC 99-2282;CAÑA;25/10/2022;10/10/2025;4;1428;134;1356;Bran Arenas Alejandra;Manuel Primero;10/10/2026;RIOP;4.363944,-76.129656
3107-491;1; LA LUISA;10.15;10.81;6H1;CC 05-430;CAÑA;17/12/2022;14/10/2025;4;1363;134;1293;Bran Arenas Alejandra;Manuel Primero;14/10/2026;RIOP;4.362653,-76.129958
3107-700;1; LA LUISA;7.52;0.00;10H3;RENOVACION;CAÑA;15/03/2021;8/08/2026;1;937;125;543;Bran Arenas Alejandra;Manuel Primero;23/08/2027;RIOP;4.366632,-76.129051
3107-710;1; LA LUISA;7.22;8.41;10H3;CC 01-1940;CAÑA;26/08/2019;26/12/2025;7;926;128;884;Bran Arenas Alejandra;Manuel Primero;26/12/2026;RIOP;4.367193,-76.114966
3107-720;1; LA LUISA;21.33;9.33;7H0;CC 11-0132;CAÑA;20/11/2023;28/11/2025;3;3019;142;2718;Bran Arenas Alejandra;Manuel Primero;28/11/2026;RIOP;4.365005,-76.114313
3107-730;1; LA LUISA;12.56;9.43;7H0;CC 05-430;CAÑA;22/12/2022;25/11/2025;4;1823;145;1726;Bran Arenas Alejandra;Manuel Primero;25/11/2026;RIOP;4.366463,-76.120559
3107-731;1; LA LUISA;4.08;0.30;6H1;CC 01-1940;CAÑA;1/09/2018;30/08/2026;9;568;139;475;Bran Arenas Alejandra;Manuel Primero;30/08/2027;RIOP;4.365849,-76.117888
3107-732;1; LA LUISA;1.82;0.26;7H0;CC 99-2282;CAÑA;1/04/2019;31/08/2026;8;253;139;212;Bran Arenas Alejandra;Manuel Primero;31/08/2027;RIOP;4.368080,-76.118783
3107-740;1; LA LUISA;12.42;10.97;15H1;CC 85-92;CAÑA;2/10/2012;9/10/2025;14;1562;126;1458;Bran Arenas Alejandra;Manuel Primero;18/10/2026;RIOP;4.368117,-76.118781
3107-741;1; LA LUISA;6.18;10.09;6H1;CC 01-1940;CAÑA;22/02/2012;5/11/2025;15;770;125;756;Bran Arenas Alejandra;Manuel Primero;5/11/2026;RIOP;4.368435,-76.122939
3107-750;1; LA LUISA;7.4;5.68;5H3;CC 11-595;CAÑA;24/03/2023;19/03/2026;4;886;120;886;Bran Arenas Alejandra;Manuel Primero;19/03/2027;RIOP;4.367048,-76.123234
3107-751;1; LA LUISA;11.12;1.05;10H3;CC 01-1940;CAÑA;28/02/2014;7/08/2026;13;1385;125;1182;Bran Arenas Alejandra;Manuel Primero;7/08/2027;RIOP;4.368318,-76.125718
3107-760;1; LA LUISA;8.83;8.31;10H3;CC 11-595;CAÑA;11/02/2023;29/12/2025;4;1020;116;1033;Bran Arenas Alejandra;Manuel Primero;29/12/2026;RIOP;4.368606,-76.128054
3107-770;1; LA LUISA;3.01;8.41;10H3;CC 01-1940;CAÑA;28/02/2014;26/12/2025;13;379;126;362;Bran Arenas Alejandra;Manuel Primero;26/12/2026;RIOP;4.369656,-76.124525
3107-771;1; LA LUISA;3.14;6.87;10H3;VARIAS;CAÑA;23/01/2021;11/02/2026;6;391;125;391;Bran Arenas Alejandra;Manuel Primero;13/03/2027;RIOP;4.359253,-76.135309
3107-780;1; LA LUISA;9;0.00;6H1;RENOVACION;CAÑA;9/04/2020;8/08/2026;1;1121;125;806;Bran Arenas Alejandra;Manuel Primero;23/08/2027;RIOP;4.361138,-76.134091
3107-782;1; LA LUISA;5.94;9.86;6H1;CC 11-595;CAÑA;6/11/2020;12/11/2025;6;762;128;697;Bran Arenas Alejandra;Manuel Primero;12/11/2026;RIOP;4.361996,-76.133765
3107-790;1; LA LUISA;17.29;10.02;6H1;CC 12-2120;CAÑA;31/10/2023;7/11/2025;3;2279;132;1944;Bran Arenas Alejandra;Manuel Primero;7/11/2026;RIOP;4.363195,-76.133206
3107-800;1; LA LUISA;17.35;8.71;6H1;VARIAS;CAÑA;13/10/2020;17/12/2025;6;2235;129;2037;Bran Arenas Alejandra;Manuel Primero;17/12/2026;RIOP;4.369561,-76.130654
3107-810;1; LA LUISA;17.4;8.71;6H1;CC 11-595;CAÑA;12/12/2020;17/12/2025;6;2168;125;2095;Bran Arenas Alejandra;Manuel Primero;17/12/2026;RIOP;4.367152,-76.138599
3107-820;1; LA LUISA;11.08;1.02;6H1;VARIAS;CAÑA;7/04/2020;8/08/2026;7;1380;125;1047;Bran Arenas Alejandra;Manuel Primero;8/08/2027;RIOP;0
3107-821;1; LA LUISA;6.07;8.71;6H1;CC 99-2282;CAÑA;21/08/2019;17/12/2025;7;756;125;743;Bran Arenas Alejandra;Manuel Primero;17/12/2026;RIOP;4.359430,-76.147780
3107-830;1; LA LUISA;17.35;0.43;5H3;CC 05-430;CAÑA;25/04/2023;26/08/2026;4;2350;135;2193;Bran Arenas Alejandra;Manuel Primero;26/08/2027;RIOP;4.361384,-76.145612
3107-840;1; LA LUISA;16.76;8.54;5H3;VARIAS;CAÑA;5/11/2020;22/12/2025;6;2149;128;2174;Bran Arenas Alejandra;Manuel Primero;22/12/2026;RIOP;4.363993,-76.143030
3107-850;1; LA LUISA;4.38;8.54;5H3;CC 01-1940;CAÑA;13/09/2019;22/12/2025;7;530;121;536;Bran Arenas Alejandra;Manuel Primero;22/12/2026;RIOP;4.367491,-76.140719
3107-851;1; LA LUISA;4.92;5.59;5H3;CC 11-595;CAÑA;31/03/2023;22/03/2026;4;553;112;553;Bran Arenas Alejandra;Manuel Primero;22/03/2027;RIOP;4.368667,-76.142982
3107-852;1; LA LUISA;4.63;3.75;5H3;CC 13-2035;CAÑA;11/04/2025;17/05/2026;2;673;145;673;Bran Arenas Alejandra;Manuel Primero;7/07/2027;RIOP;4.366426,-76.143456
3107-853;1; LA LUISA;4.67;8.31;5H3;CC 01-1940;CAÑA;4/08/2017;29/12/2025;9;494;106;525;Bran Arenas Alejandra;Manuel Primero;29/12/2026;RIOP;4.367724,-76.141778
3107-860;1; LA LUISA;5.73;4.50;6H1;CC 01-1940;CAÑA;24/04/2026;4/03/2026;1;714;125;714;Bran Arenas Alejandra;Manuel Primero;9/05/2027;RIOP;4.365009,-76.146524
3107-870;1; LA LUISA;8.28;0.33;6H1;CC 01-1940;CAÑA;16/03/2021;29/08/2026;6;1101;133;840;Bran Arenas Alejandra;Manuel Primero;13/09/2027;RIOP;4.369342,-76.145601
3107-880;1; LA LUISA;5;10.68;6H1;CC 13-2035;CAÑA;18/10/2025;25/07/2025;1;714;143;712;Bran Arenas Alejandra;Manuel Primero;18/10/2026;RIOP;4.355815,-76.134958
3107-881;1; LA LUISA;5;8.54;6H1;VARIAS;CAÑA;25/01/2023;22/12/2025;4;641;128;507;Bran Arenas Alejandra;Manuel Primero;22/12/2026;RIOP;4.353586,-76.135442
3107-890;1; LA LUISA;7.06;5.65;6H1;CC 11-595;CAÑA;15/03/2023;20/03/2026;4;982;139;982;Bran Arenas Alejandra;Manuel Primero;20/03/2027;RIOP;4.354953,-76.097310
3107-891;1; LA LUISA;7.21;8.25;6H1;CC 99-2282;CAÑA;1/02/2019;31/12/2025;7;908;126;847;Bran Arenas Alejandra;Manuel Primero;31/12/2026;RIOP;4.354004,-76.092931
3107-900;1; LA LUISA;3.5;8.25;5H3;CC 11-0132;CAÑA;22/02/2023;31/12/2025;3;476;136;411;Bran Arenas Alejandra;Manuel Primero;31/12/2026;RIOP;4.347550,-76.138412
3107-902;1; LA LUISA;4.95;8.67;5H3;VARIAS;CAÑA;25/09/2020;18/12/2025;6;593;120;556;Bran Arenas Alejandra;Manuel Primero;18/12/2026;RIOP;4.349768,-76.135590
3107-910;1; LA LUISA;8.28;6.77;5H3;VARIAS;CAÑA;21/02/2022;14/02/2026;5;1032;125;1032;Bran Arenas Alejandra;Manuel Primero;14/02/2027;RIOP;4.351153,-76.136134
3107-920;1; LA LUISA;5.65;0.39;5H3;CC 11-600;CAÑA;4/03/2020;27/08/2026;7;704;125;658;Bran Arenas Alejandra;Manuel Primero;27/08/2027;RIOP;0
3107-930;1; LA LUISA;4.42;8.25;5H3;CC 11-595;CAÑA;26/09/2020;31/12/2025;6;551;125;519;Bran Arenas Alejandra;Manuel Primero;31/12/2026;RIOP;4.345065,-76.140727
3118-010;1; ZAMBRANO;13.47;0.33;10H3;CC 01-1940;CAÑA;31/12/2012;29/08/2026;14;1928;143;1703;Bran Arenas Alejandra;Jorge Armando Quintero;29/08/2027;RIOP;4.345952,-76.139781
3118-020;1; ZAMBRANO;29.4;1.54;10H3;CC 05-430;CAÑA;31/05/2024;23/07/2026;3;4208;143;4263;Bran Arenas Alejandra;Jorge Armando Quintero;23/07/2027;RIOP;4.344936,-76.136420
3118-021;1; ZAMBRANO;4.47;8.31;10H3;CC 12-2120;CAÑA;2/02/2024;29/12/2025;3;324;72;453;Bran Arenas Alejandra;Jorge Armando Quintero;29/12/2026;RIOP;4.344334,-76.138627
3118-022;1; ZAMBRANO;4.92;8.67;10H3;CC 05-430;CAÑA;3/02/2024;18/12/2025;3;631;128;602;Bran Arenas Alejandra;Jorge Armando Quintero;18/12/2026;RIOP;4.342445,-76.140247
3118-040;1; ZAMBRANO;15.65;1.02;15H1;CC 05-430;CAÑA;29/07/2023;8/08/2026;4;2234;143;1991;Bran Arenas Alejandra;Jorge Armando Quintero;8/08/2027;RIOP;4.341958,-76.139240
3118-060;1; ZAMBRANO;11.7;8.54;5H3;CC 01-1940;CAÑA;22/12/2025;20/07/2025;1;1670;143;1643;Bran Arenas Alejandra;Jorge Armando Quintero;22/12/2026;RIOP;4.343331,-76.143906
3118-061;1; ZAMBRANO;4;11.50;5H3;VARIAS;CAÑA;1/02/2020;23/09/2025;6;552;138;490;Bran Arenas Alejandra;Jorge Armando Quintero;23/09/2026;RIOP;4.342020,-76.142500
3118-080;1; ZAMBRANO;15.12;0.30;23H0;CC 01-1940;CAÑA;12/04/2016;30/08/2026;11;2176;144;1987;Bran Arenas Alejandra;Jorge Armando Quintero;30/08/2027;RIOP;4.340570,-76.141364
3118-090;1; ZAMBRANO;15.99;0.26;23H0;CC 01-1940;CAÑA;18/03/2016;31/08/2026;11;2282;143;2101;Bran Arenas Alejandra;Jorge Armando Quintero;31/08/2027;RIOP;4.339678,-76.142861
3118-100;1; ZAMBRANO;19.38;3.58;10H3;CC 99-2282;CAÑA;31/03/2024;22/05/2026;3;2696;139;2696;Bran Arenas Alejandra;Jorge Armando Quintero;30/06/2027;RIOP;4.340046,-76.144235
3118-110;1; ZAMBRANO;6.24;8.31;10H3;CC 05-430;CAÑA;11/01/2024;29/12/2025;3;800;128;764;Bran Arenas Alejandra;Jorge Armando Quintero;29/12/2026;RIOP;4.339659,-76.145192
3118-111;1; ZAMBRANO;5.99;7.20;1H1;CC 12-2120;CAÑA;12/01/2024;1/02/2026;3;790;132;790;Bran Arenas Alejandra;Jorge Armando Quintero;1/02/2027;RIOP;4.337182,-76.143349
3118-113;1; ZAMBRANO;1.8;11.27;1H1;VARIAS;CAÑA;14/05/2019;30/09/2025;7;233;129;183;Bran Arenas Alejandra;Jorge Armando Quintero;15/10/2026;RIOP;4.338218,-76.146630
3118-114;1; ZAMBRANO;5.07;5.62;10H3;CC 11-595;CAÑA;24/02/2024;21/03/2026;3;607;120;607;Bran Arenas Alejandra;Jorge Armando Quintero;20/04/2027;RIOP;4.338810,-76.140389
3118-130;1; ZAMBRANO;15.81;9.30;15H1;CC 05-430;CAÑA;13/11/2023;29/11/2025;3;2311;146;2220;Bran Arenas Alejandra;Jorge Armando Quintero;29/11/2026;RIOP;4.331744,-76.142026
3118-150;1; ZAMBRANO;22.27;11.43;15H1;CC 05-430;CAÑA;23/09/2023;25/09/2025;3;3367;151;3171;Bran Arenas Alejandra;Jorge Armando Quintero;25/09/2026;RIOP;4.332201,-76.137450
3118-160;1; ZAMBRANO;12.1;11.24;15H1;CC 11-0129;CAÑA;5/10/2023;1/10/2025;3;1712;142;1723;Bran Arenas Alejandra;Jorge Armando Quintero;1/10/2026;RIOP;4.333564,-76.141048
3118-161;1; ZAMBRANO;3.97;11.20;15H1;CC 11-595;CAÑA;20/08/2020;2/10/2025;6;495;125;403;Bran Arenas Alejandra;Jorge Armando Quintero;2/10/2026;RIOP;4.335022,-76.140993
3123-310;1; SAN CARLOS LOTE 7;16.65;8.31;1H1;CC 01-1940;CAÑA;20/08/2019;29/12/2025;7;2135;128;2038;Bran Arenas Alejandra;Manuel Primero;29/12/2026;RIOP;4.336277,-76.142478
3123-320;1; SAN CARLOS LOTE 7;17.95;10.94;1H1;CC 01-1940;CAÑA;28/03/2020;10/10/2025;6;2312;129;2197;Bran Arenas Alejandra;Manuel Primero;10/10/2026;RIOP;4.332658,-76.145359
3233-010;1; LAGUNAS;7.49;11.20;5H3;CC 05-430;CAÑA;20/09/2024;2/10/2025;2;960;128;879;Bran Arenas Alejandra;Luis Millan;2/10/2026;RIOP;4.333979,-76.143983
3233-011;1; LAGUNAS;4.45;8.87;5H3;VARIAS;CAÑA;30/09/2020;12/12/2025;6;493;111;500;Bran Arenas Alejandra;Luis Millan;12/12/2026;RIOP;4.335912,-76.139034
3233-012;1; LAGUNAS;9.36;11.27;5H3;CC 05-430;CAÑA;21/09/2024;30/09/2025;2;1166;125;949;Bran Arenas Alejandra;Luis Millan;15/10/2026;RIOP;4.365860,-76.132555
3233-013;1; LAGUNAS;1.3;0.49;5H3;VARIAS;CAÑA;30/09/2020;24/08/2026;6;151;116;119;Bran Arenas Alejandra;Luis Millan;23/01/2028;RIOP;4.366540,-76.135709
3233-020;1; LAGUNAS;2.27;0.43;14H1;CC 01-1940;CAÑA;20/03/2020;26/08/2026;7;309;136;242;Bran Arenas Alejandra;Luis Millan;10/10/2027;RIOP;4.370365,-76.136828
3233-021;1; LAGUNAS;2.79;0.49;14H1;CC 01-1940;CAÑA;25/07/2018;24/08/2026;9;368;132;297;Bran Arenas Alejandra;Luis Millan;8/10/2027;RIOP;4.369213,-76.134940
3233-030;1; LAGUNAS;14.07;2.76;5H3;CC 05-430;CAÑA;12/05/2023;16/06/2026;4;1915;136;1915;Bran Arenas Alejandra;Luis Millan;25/06/2027;RIOP;4.371971,-76.140915
3233-031;1; LAGUNAS;4.41;11.27;5H3;CC 01-1940;CAÑA;25/07/2018;30/09/2025;8;549;125;518;Bran Arenas Alejandra;Luis Millan;15/10/2026;RIOP;4.370599,-76.141317
3233-040;1; LAGUNAS;3.48;12.09;10H3;CC 05-430;CAÑA;28/10/2023;5/09/2025;4;474;136;457;Bran Arenas Alejandra;Luis Millan;20/09/2026;RIOP;4.372335,-76.144674
3233-042;1; LAGUNAS;5.48;9.03;10H3;CC 05-430;CAÑA;15/10/2023;7/12/2025;3;736;134;698;Bran Arenas Alejandra;Luis Millan;7/12/2026;RIOP;4.315166,-76.059381
3233-050;1; LAGUNAS;7.39;8.87;14H1;CC 12-2120;CAÑA;5/01/2024;12/12/2025;3;948;128;905;Bran Arenas Alejandra;Luis Millan;12/12/2026;RIOP;4.319657,-76.058951
3233-051;1; LAGUNAS;10.76;8.90;5H3;CC 05-430;CAÑA;30/12/2023;11/12/2025;3;1380;128;1317;Bran Arenas Alejandra;Luis Millan;11/12/2026;RIOP;4.321992,-76.058833
3233-053;1; LAGUNAS;2.98;8.90;5H3;CC 05-430;CAÑA;30/09/2020;11/12/2025;6;371;125;365;Bran Arenas Alejandra;Luis Millan;11/12/2026;RIOP;4.318608,-76.062495
3233-055;1; LAGUNAS;1.35;11.20;5H3;CC 01-1940;CAÑA;11/08/2021;2/10/2025;5;168;125;165;Bran Arenas Alejandra;Luis Millan;2/10/2026;RIOP;4.318257,-76.061413
3233-060;1; LAGUNAS;5.89;11.24;5H3;CC 11-595;CAÑA;23/04/2020;1/10/2025;7;755;128;662;Bran Arenas Alejandra;Luis Millan;1/10/2026;RIOP;4.319207,-76.064647
3233-061;1; LAGUNAS;6.19;11.24;10H3;CC 01-1940;CAÑA;26/06/2015;1/10/2025;11;823;133;696;Bran Arenas Alejandra;Luis Millan;1/10/2026;RIOP;4.315850,-76.066807
3233-062;1; LAGUNAS;1.82;11.24;5H3;CC 12-2120;CAÑA;14/10/2023;1/10/2025;3;211;116;185;Bran Arenas Alejandra;Luis Millan;1/10/2026;RIOP;4.313787,-76.069046
3233-070;1; LAGUNAS;20.83;11.43;10H3;VARIAS;CAÑA;7/09/2019;25/09/2025;7;2998;144;2550;Bran Arenas Alejandra;Luis Millan;25/09/2026;RIOP;4.323073,-76.073858
3233-080;1; LAGUNAS;10.52;5.65;10H3;VARIAS;CAÑA;16/02/2022;20/03/2026;5;1311;125;1311;Bran Arenas Alejandra;Luis Millan;20/03/2027;RIOP;4.327941,-76.076272
3233-090;1; LAGUNAS;18.66;12.02;15H1;CC 01-1228;CAÑA;16/05/2013;7/09/2025;13;2618;140;2377;Bran Arenas Alejandra;Luis Millan;7/09/2026;RIOP;4.326087,-76.076952
3233-091;1; LAGUNAS;7.45;2.53;15H1;VARIAS;CAÑA;13/04/2020;23/06/2026;7;1126;151;1126;Bran Arenas Alejandra;Luis Millan;2/07/2027;RIOP;4.325981,-76.082252
3233-093;1; LAGUNAS;5.43;9.03;15H1;CC 12-2120;CAÑA;28/11/2023;7/12/2025;3;696;128;692;Bran Arenas Alejandra;Luis Millan;7/12/2026;RIOP;4.329528,-76.079911
3233-100;1; LAGUNAS;7.88;4.04;15H1;CC 09-066;CAÑA;8/05/2026;6/03/2026;1;982;125;982;Bran Arenas Alejandra;Luis Millan;23/05/2027;RIOP;4.329146,-76.078081
3233-101;1; LAGUNAS;5.24;10.51;10H3;CC 01-1940;CAÑA;23/12/2015;23/10/2025;10;672;128;615;Bran Arenas Alejandra;Luis Millan;23/10/2026;RIOP;4.327776,-76.084260
3233-110;1; LAGUNAS;8.84;6.21;15H1;CC 09-066;CAÑA;28/02/2023;3/03/2026;4;1230;139;1230;Bran Arenas Alejandra;Luis Millan;18/03/2027;RIOP;4.330367,-76.081933
3233-111;1; LAGUNAS;3.6;8.41;15H1;CC 99-2282;CAÑA;17/01/2022;26/12/2025;5;449;125;423;Bran Arenas Alejandra;Luis Millan;26/12/2026;RIOP;4.328113,-76.093224
3233-120;1; LAGUNAS;9.49;9.10;15H1;CC 09-066;CAÑA;1/11/2018;5/12/2025;8;1435;151;1257;Bran Arenas Alejandra;Luis Millan;5/12/2026;RIOP;4.329785,-76.091781
3418-030;1; LA PAILA;16.59;7.23;5H3;CC 11-0129;CAÑA;31/01/2026;25/08/2025;1;2368;143;2368;Bran Arenas Alejandra;Jorge Armando Quintero;31/01/2027;RIOP;4.330001,-76.087019
3418-050;1; LA PAILA;13.74;8.31;10H3;VARIAS;CAÑA;27/01/2023;29/12/2025;4;1852;135;1819;Bran Arenas Alejandra;Jorge Armando Quintero;29/12/2026;RIOP;4.332249,-76.086251
3418-070;1; LA PAILA;11.78;10.81;15H1;CC 05-430;CAÑA;11/09/2023;14/10/2025;3;1681;143;1560;Bran Arenas Alejandra;Jorge Armando Quintero;14/10/2026;RIOP;4.329257,-76.088430
3418-071;1; LA PAILA;3.2;8.25;10H3;CC 11-0132;CAÑA;12/01/2024;31/12/2025;3;410;128;415;Bran Arenas Alejandra;Jorge Armando Quintero;31/12/2026;RIOP;4.332811,-76.089336
3418-120;1; LA PAILA;7.66;9.33;15H1;CC 85-92;CAÑA;2/09/2009;28/11/2025;17;1027;134;1014;Bran Arenas Alejandra;Jorge Armando Quintero;28/11/2026;RIOP;4.330231,-76.095731
3418-121;1; LA PAILA;4.15;11.27;10H3;CC 05-430;CAÑA;5/09/2023;30/09/2025;3;424;102;550;Bran Arenas Alejandra;Jorge Armando Quintero;15/10/2026;RIOP;4.331931,-76.094410
3418-140;1; LA PAILA;14.9;9.23;15H1;CC 85-92;CAÑA;8/09/2009;1/12/2025;17;1998;134;2020;Bran Arenas Alejandra;Jorge Armando Quintero;1/12/2026;RIOP;4.333724,-76.092313
3440-700;1; PAILA ARRIBA;13.07;5.45;7H1;CC 05-430;CAÑA;23/02/2022;26/03/2026;5;1737;133;1737;Bran Arenas Alejandra;Jhon Erik Sanmiguel Rangel;10/04/2027;RIOP;4.333525,-76.099652
3440-710;1; PAILA ARRIBA;10.26;9.23;7H1;CC 01-1940;CAÑA;7/12/2016;1/12/2025;10;1293;126;1153;Bran Arenas Alejandra;Jhon Erik Sanmiguel Rangel;1/12/2026;RIOP;4.335358,-76.097871
3440-711;1; PAILA ARRIBA;0.44;5.09;7H1;CC 11-0129;CAÑA;6/04/2026;30/11/2025;1;60;136;60;Bran Arenas Alejandra;Jhon Erik Sanmiguel Rangel;6/04/2027;RIOP;4.325723,-76.096194
3440-720;1; PAILA ARRIBA;5.82;8.77;7H1;CC 12-2120;CAÑA;13/01/2024;15/12/2025;3;634;109;654;Bran Arenas Alejandra;Jhon Erik Sanmiguel Rangel;15/12/2026;RIOP;4.323658,-76.095801
3440-723;1; PAILA ARRIBA;7.63;4.63;7H1;CC 09-066;CAÑA;20/04/2026;6/11/2025;1;1014;133;1014;Bran Arenas Alejandra;Jhon Erik Sanmiguel Rangel;20/04/2027;RIOP;4.325451,-76.094290
3440-730;1; PAILA ARRIBA;13.14;8.67;7H1;CC 11-0129;CAÑA;11/01/2024;18/12/2025;3;1805;137;1477;Bran Arenas Alejandra;Jhon Erik Sanmiguel Rangel;18/12/2026;RIOP;4.326758,-76.098749
3440-760;1; PAILA ARRIBA;7.61;9.20;6H2;CC 01-1940;CAÑA;28/08/2019;2/12/2025;7;921;121;855;Bran Arenas Alejandra;Jhon Erik Sanmiguel Rangel;2/12/2026;RIOP;4.328455,-76.097292
3440-770;1; PAILA ARRIBA;15.21;9.23;1H2;CC 01-1940;CAÑA;2/09/2019;1/12/2025;7;1840;121;1710;Bran Arenas Alejandra;Jhon Erik Sanmiguel Rangel;1/12/2026;RIOP;4.329813,-76.101481
3501-020;1; RIOPAILA;2.58;9.33;6H2;CC 12-2120;CAÑA;13/12/2023;28/11/2025;3;281;109;262;Bran Arenas Alejandra;Jhon Erik Sanmiguel Rangel;28/11/2026;RIOP;4.332076,-76.100671
3501-050;1; RIOPAILA;8.62;5.09;1H1;FEDEARROZ 60;ARROZ;6/04/2026;25/11/2025;1;1128;131;1128;Bran Arenas Alejandra;Jhon Erik Sanmiguel Rangel;5/09/2026;RIOP;4.332071,-76.104477
3501-052;1; RIOPAILA;2.92;5.06;1H1;FEDEARROZ 60;ARROZ;7/04/2026;23/11/2025;1;382;131;382;Bran Arenas Alejandra;Jhon Erik Sanmiguel Rangel;6/09/2026;RIOP;4.319429,-76.098772
3501-070;1; RIOPAILA;11.05;1.54;6H1;VARIAS;CAÑA;19/06/2022;23/07/2026;5;1350;122;1414;Bran Arenas Alejandra;Jhon Erik Sanmiguel Rangel;23/07/2027;RIOP;4.322036,-76.097215
3501-080;1; RIOPAILA;4.66;9.43;6H1;CC 99-2282;CAÑA;16/12/2023;25/11/2025;3;517;111;501;Bran Arenas Alejandra;Jhon Erik Sanmiguel Rangel;25/11/2026;RIOP;4.321147,-76.099386
3501-081;1; RIOPAILA;13.53;5.45;6H1;CC 99-2282;CAÑA;20/02/2024;26/03/2026;3;1489;110;1489;Bran Arenas Alejandra;Jhon Erik Sanmiguel Rangel;26/03/2027;RIOP;4.323710,-76.100623
3501-100;1; RIOPAILA;15.35;12.32;6H1;VARIAS;CAÑA;16/09/2022;29/08/2025;4;1702;111;1787;Bran Arenas Alejandra;Jhon Erik Sanmiguel Rangel;13/09/2026;RIOP;4.322797,-76.099529
3501-110;1; RIOPAILA;11.66;12.32;11H1;CC 11-595;CAÑA;18/06/2020;29/08/2025;6;1382;119;1357;Bran Arenas Alejandra;Jhon Erik Sanmiguel Rangel;13/09/2026;RIOP;4.325847,-76.106750
3501-120;1; RIOPAILA;8.55;11.76;6H1;CC 13-2035;CAÑA;15/09/2025;13/03/2025;1;1127;132;1218;Bran Arenas Alejandra;Jhon Erik Sanmiguel Rangel;15/09/2026;RIOP;4.327495,-76.104884
3501-130;1; RIOPAILA;8.54;11.04;4H1;CC 05-430;CAÑA;7/10/2025;13/03/2025;1;1126;132;1131;Bran Arenas Alejandra;Jhon Erik Sanmiguel Rangel;7/10/2026;RIOP;4.329056,-76.104955
3501-140;1; RIOPAILA;10.61;2.43;4H1;VARIAS;CAÑA;21/07/2021;26/06/2026;6;1251;118;1251;Bran Arenas Alejandra;Jhon Erik Sanmiguel Rangel;26/06/2027;RIOP;4.329152,-76.111170
3501-141;1; RIOPAILA;5.49;2.76;15H1;CC 05-430;CAÑA;3/05/2022;16/06/2026;5;651;119;651;Bran Arenas Alejandra;Jhon Erik Sanmiguel Rangel;16/06/2027;RIOP;4.331565,-76.109514
3501-142;1; RIOPAILA;2.98;9.43;4H1;VARIAS;CAÑA;21/07/2021;25/11/2025;5;330;111;302;Bran Arenas Alejandra;Jhon Erik Sanmiguel Rangel;25/11/2026;RIOP;4.331991,-76.116231
3501-150;1; RIOPAILA;14.26;10.74;15H1;CC 11-0129;CAÑA;16/10/2025;14/03/2025;1;1880;132;1900;Bran Arenas Alejandra;Jhon Erik Sanmiguel Rangel;16/10/2026;RIOP;4.332716,-76.114796
3501-160;1; RIOPAILA;8.44;5.49;15H1;CC 99-2282;CAÑA;26/02/2022;25/03/2026;5;1000;119;1000;Bran Arenas Alejandra;Jhon Erik Sanmiguel Rangel;25/03/2027;RIOP;4.334427,-76.112602
3501-170;1; RIOPAILA;7.42;12.35;15H1;CC 09-066;CAÑA;1/08/2024;28/08/2025;2;942;127;901;Bran Arenas Alejandra;Jhon Erik Sanmiguel Rangel;12/09/2026;RIOP;4.312687,-76.086751
3501-180;1; RIOPAILA;8.06;1.68;15H1;CC 93-4418;CAÑA;20/04/2017;19/07/2026;10;1024;127;1024;Bran Arenas Alejandra;Jhon Erik Sanmiguel Rangel;19/07/2027;RIOP;4.311243,-76.085501
3501-190;1; RIOPAILA;22.23;1.54;15H1;VARIAS;CAÑA;10/06/2023;23/07/2026;4;2770;125;2668;Bran Arenas Alejandra;Jhon Erik Sanmiguel Rangel;23/07/2027;RIOP;4.308453,-76.085882
3501-200;1; RIOPAILA;1.69;12.16;15H1;CC 11-0132;CAÑA;3/09/2025;4/05/2025;1;224;132;224;Bran Arenas Alejandra;Jhon Erik Sanmiguel Rangel;18/09/2026;RIOP;4.314441,-76.103246
3501-230;1; RIOPAILA;8.5;6.41;6H1;CC 11-0132;CAÑA;25/02/2026;15/03/2025;1;1130;133;1130;Bran Arenas Alejandra;Jhon Erik Sanmiguel Rangel;25/02/2027;RIOP;4.316225,-76.099898
3501-231;1; RIOPAILA;2.11;10.32;15H1;CC 01-1940;CAÑA;21/03/2015;29/10/2025;11;235;111;248;Bran Arenas Alejandra;Jhon Erik Sanmiguel Rangel;29/10/2026;RIOP;4.317103,-76.104298
3501-232;1; RIOPAILA;6.58;8.25;6H1;CC 99-2282;CAÑA;1/02/2019;31/12/2025;7;732;111;742;Bran Arenas Alejandra;Jhon Erik Sanmiguel Rangel;31/12/2026;RIOP;4.313584,-76.104525
3501-240;1; RIOPAILA;8.58;9.69;6H1;CC 01-1940;CAÑA;13/10/2016;17/11/2025;10;1048;122;1007;Bran Arenas Alejandra;Jhon Erik Sanmiguel Rangel;17/11/2026;RIOP;4.317015,-76.106993
3501-250;1; RIOPAILA;8.67;12.35;15H1;CC 85-92;CAÑA;16/08/2007;28/08/2025;19;1112;128;1053;Bran Arenas Alejandra;Jhon Erik Sanmiguel Rangel;12/09/2026;RIOP;4.319803,-76.104261
3501-260;1; RIOPAILA;11.37;5.68;6H1;CC 99-2282;CAÑA;24/02/2023;19/03/2026;4;1513;133;1513;Bran Arenas Alejandra;Jhon Erik Sanmiguel Rangel;19/03/2027;RIOP;4.317958,-76.108444
3501-270;1; RIOPAILA;16.34;5.55;15H1;CC 11-595;CAÑA;6/03/2023;23/03/2026;4;2115;129;2115;Bran Arenas Alejandra;Jhon Erik Sanmiguel Rangel;23/03/2027;RIOP;4.321088,-76.105943
3501-280;1; RIOPAILA;9.47;2.43;15H1;VARIAS;CAÑA;22/07/2022;26/06/2026;5;1214;128;1214;Bran Arenas Alejandra;Jhon Erik Sanmiguel Rangel;26/06/2027;RIOP;4.324338,-76.109113
3501-310;1; RIOPAILA;1.94;13.40;6H1;CC 85-92;CAÑA;8/07/2011;27/07/2025;14;242;125;226;Bran Arenas Alejandra;Jhon Erik Sanmiguel Rangel;10/09/2026;RIOP;4.322694,-76.106892
3501-320;1; RIOPAILA;4.614;2.43;6H1;CC 97-7170;CAÑA;13/03/2015;26/06/2026;12;592;128;592;Bran Arenas Alejandra;Jhon Erik Sanmiguel Rangel;26/06/2027;RIOP;4.322273,-76.109565
3501-330;1; RIOPAILA;6.13;9.56;7H1;CC 99-2282;CAÑA;14/09/2017;21/11/2025;9;786;128;750;Bran Arenas Alejandra;Jhon Erik Sanmiguel Rangel;21/11/2026;RIOP;4.321254,-76.110326
3501-340;1; RIOPAILA;8.46;10.25;6H1;VARIAS;CAÑA;25/08/2014;31/10/2025;12;1085;128;1036;Bran Arenas Alejandra;Jhon Erik Sanmiguel Rangel;31/10/2026;RIOP;4.320220,-76.111095
3501-341;1; RIOPAILA;8.06;5.55;6H1;CC 99-2282;CAÑA;9/03/2022;23/03/2026;5;1033;128;1033;Bran Arenas Alejandra;Jhon Erik Sanmiguel Rangel;23/03/2027;RIOP;4.319186,-76.111853
3501-350;1; RIOPAILA;16.82;8.31;6H1;CC 05-430;CAÑA;18/12/2024;29/12/2025;2;2401;143;2227;Bran Arenas Alejandra;Jhon Erik Sanmiguel Rangel;29/12/2026;RIOP;4.327536,-76.112380
3501-360;1; RIOPAILA;10.45;8.41;6H1;CC 09-066;CAÑA;13/12/2024;26/12/2025;2;1284;123;1300;Bran Arenas Alejandra;Jhon Erik Sanmiguel Rangel;26/12/2026;RIOP;4.326547,-76.113104
3501-362;1; RIOPAILA;9.49;12.62;10H3;CC 09-066;CAÑA;20/08/2025;30/06/2025;1;1033;109;1257;Bran Arenas Alejandra;Jhon Erik Sanmiguel Rangel;4/09/2026;RIOP;4.325463,-76.113844
3501-370;1; RIOPAILA;17.28;10.35;6H1;CC 05-430;CAÑA;28/10/2024;28/10/2025;2;2508;145;2202;Bran Arenas Alejandra;Jhon Erik Sanmiguel Rangel;12/11/2026;RIOP;4.324462,-76.114622
3501-380;1; RIOPAILA;21.72;10.51;15H1;CC 05-430;CAÑA;9/10/2024;23/10/2025;2;3175;146;2767;Bran Arenas Alejandra;Jhon Erik Sanmiguel Rangel;23/10/2026;RIOP;4.322910,-76.115744
3501-390;1; RIOPAILA;9.77;5.06;15H1;CC 05-430;CAÑA;17/05/2023;7/04/2026;4;1253;128;977;Bran Arenas Alejandra;Jhon Erik Sanmiguel Rangel;22/04/2027;RIOP;4.330907,-76.116923
3501-391;1; RIOPAILA;7.4;1.81;15H1;CC 99-2282;CAÑA;23/07/2021;15/07/2026;6;984;133;984;Bran Arenas Alejandra;Jhon Erik Sanmiguel Rangel;15/07/2027;RIOP;4.330143,-76.118023
3501-400;1; RIOPAILA;15.08;10.35;15H1;CC 01-1940;CAÑA;5/12/2016;28/10/2025;10;1934;128;1921;Bran Arenas Alejandra;Jhon Erik Sanmiguel Rangel;12/11/2026;RIOP;4.328347,-76.118764
3501-431;1; RIOPAILA;3.17;5.03;6H2;FEDEARROZ 60;ARROZ;8/04/2026;12/09/2025;1;27;9;27;Bran Arenas Alejandra;Jhon Erik Sanmiguel Rangel;7/09/2026;RIOP;4.326341,-76.119253
3501-432;1; RIOPAILA;1.87;5.06;6H2;FEDEARROZ 60;ARROZ;7/04/2026;26/09/2025;1;16;9;16;Bran Arenas Alejandra ;Jhon Erik Sanmiguel Rangel;6/09/2026;RIOP;4.326025,-76.121043
3501-471;1; RIOPAILA;10.52;10.05;6H2;CC 11-0132;CAÑA;14/11/2023;6/11/2025;3;1387;132;1340;Bran Arenas Alejandra;Jhon Erik Sanmiguel Rangel;6/11/2026;RIOP;4.328173,-76.121683
3501-510;1; RIOPAILA;7.82;11.96;1H1;CC 09-066;CAÑA;7/09/2024;9/09/2025;2;1050;134;996;Bran Arenas Alejandra;Jhon Erik Sanmiguel Rangel;9/09/2026;RIOP;4.334568,-76.122749
3501-513;1; RIOPAILA;5.38;9.92;1H1;CC 99-2282;CAÑA;28/10/2023;10/11/2025;3;379;70;659;Bran Arenas Alejandra;Jhon Erik Sanmiguel Rangel;10/11/2026;RIOP;4.333280,-76.122240
3501-514;1; RIOPAILA;4.01;11.96;1H1;CC 11-595;CAÑA;6/09/2024;9/09/2025;2;514;128;507;Bran Arenas Alejandra;Jhon Erik Sanmiguel Rangel;9/09/2026;RIOP;4.332622,-76.124870
3501-520;1; RIOPAILA;9.81;6.31;1H1;CC 11-0129;CAÑA;28/02/2026;31/10/2025;1;1210;123;1210;Bran Arenas Alejandra;Jhon Erik Sanmiguel Rangel;28/02/2027;RIOP;4.331480,-76.126795
3501-530;1; RIOPAILA;12.74;6.70;1H1;CC 11-0129;CAÑA;5/02/2025;16/02/2026;2;1834;144;1834;Bran Arenas Alejandra;Jhon Erik Sanmiguel Rangel;16/02/2027;RIOP;4.329291,-76.125310
3501-532;1; RIOPAILA;11.11;6.67;1H1;CC 13-2035;CAÑA;6/02/2025;17/02/2026;2;1599;144;1599;Bran Arenas Alejandra;Jhon Erik Sanmiguel Rangel;17/02/2027;RIOP;4.246559,-76.129674
3501-533;1; RIOPAILA;4.71;9.40;1H1;CC 99-2282;CAÑA;30/09/2022;26/11/2025;4;564;120;567;Bran Arenas Alejandra;Jhon Erik Sanmiguel Rangel;26/11/2026;RIOP;4.248148,-76.128755
3501-534;1; RIOPAILA;6.33;8.77;1H1;CC 01-1940;CAÑA;15/12/2025;30/06/2025;1;919;145;901;Bran Arenas Alejandra;Jhon Erik Sanmiguel Rangel;15/12/2026;RIOP;4.247853,-76.130444
3501-540;1; RIOPAILA;10.11;4.76;5H3;CC 85-92;CAÑA;16/04/2026;14/01/2026;1;1222;121;1222;Bran Arenas Alejandra;Jhon Erik Sanmiguel Rangel;16/04/2027;RIOP;4.251117,-76.127662
3501-541;1; RIOPAILA;4.5;10.35;5H3;CC 01-1940;CAÑA;13/07/2018;28/10/2025;8;561;125;573;Bran Arenas Alejandra;Jhon Erik Sanmiguel Rangel;12/11/2026;RIOP;4.251432,-76.129453
3501-550;1; RIOPAILA;7.99;1.71;5H3;CC 01-1940;CAÑA;12/07/2018;18/07/2026;9;1062;133;1062;Bran Arenas Alejandra;Jhon Erik Sanmiguel Rangel;18/07/2027;RIOP;0
3501-551;1; RIOPAILA;7.73;1.68;5H3;VARIAS;CAÑA;8/01/2021;19/07/2026;6;991;128;997;Bran Arenas Alejandra;Jhon Erik Sanmiguel Rangel;19/07/2027;RIOP;4.251151,-76.132187
3501-560;1; RIOPAILA;8.59;1.68;5H3;VARIAS;CAÑA;15/02/2021;19/07/2026;6;1101;128;1101;Bran Arenas Alejandra;Jhon Erik Sanmiguel Rangel;19/07/2027;RIOP;4.254698,-76.130176
3501-561;1; RIOPAILA;7.76;1.68;5H3;CC 01-1940;CAÑA;22/02/2021;19/07/2026;6;995;128;995;Bran Arenas Alejandra;Jhon Erik Sanmiguel Rangel;19/07/2027;RIOP;4.256064,-76.133130
3501-570;1; RIOPAILA;7.32;10.51;6H1;CC 85-92;CAÑA;3/03/2010;23/10/2025;16;912;125;933;Bran Arenas Alejandra;Jhon Erik Sanmiguel Rangel;23/10/2026;RIOP;4.257715,-76.136462
3501-571;1; RIOPAILA;7.51;10.55;6H1;CC 11-0132;CAÑA;22/10/2025;12/07/2025;1;1090;145;957;Bran Arenas Alejandra;Jhon Erik Sanmiguel Rangel;22/10/2026;RIOP;4.260488,-76.135604
3501-580;1; RIOPAILA;7.55;2.63;6H1;CC 05-430;CAÑA;10/03/2021;20/06/2026;6;1027;136;1027;Bran Arenas Alejandra;Jhon Erik Sanmiguel Rangel;20/06/2027;RIOP;4.247122,-76.131531
3501-581;1; RIOPAILA;7.55;9.43;6H1;VARIAS;CAÑA;23/12/2020;25/11/2025;6;995;132;962;Bran Arenas Alejandra;Jhon Erik Sanmiguel Rangel;25/11/2026;RIOP;4.248387,-76.133002
3501-590;1; RIOPAILA;15.3;9.63;5H3;VARIAS;CAÑA;4/11/2021;19/11/2025;5;1888;123;1796;Bran Arenas Alejandra;Jhon Erik Sanmiguel Rangel;19/11/2026;RIOP;4.256139,-76.123134
3501-600;1; RIOPAILA;9.58;12.22;15H1;CC 09-066;CAÑA;20/08/2024;1/09/2025;2;1425;149;1211;Bran Arenas Alejandra;Jhon Erik Sanmiguel Rangel;16/09/2026;RIOP;4.253610,-76.124931
3501-602;1; RIOPAILA;9.8;9.92;15H1;CC 10-450;CAÑA;15/03/2019;10/11/2025;7;1303;133;1200;Bran Arenas Alejandra;Jhon Erik Sanmiguel Rangel;10/11/2026;RIOP;4.257596,-76.124704
3501-610;1; RIOPAILA;18.98;8.41;15H1;VARIAS;CAÑA;2/02/2022;26/12/2025;5;2445;129;2474;Bran Arenas Alejandra;Jhon Erik Sanmiguel Rangel;26/12/2026;RIOP;4.254720,-76.127375
3501-620;1; RIOPAILA;4.66;9.56;15H1;CC 01-1228;CAÑA;11/09/2019;21/11/2025;7;626;134;632;Bran Arenas Alejandra;Jhon Erik Sanmiguel Rangel;21/11/2026;RIOP;4.256200,-76.124758
3501-621;1; RIOPAILA;9.05;1.68;15H1;VARIAS;CAÑA;28/06/2023;19/07/2026;4;1232;136;1177;Bran Arenas Alejandra;Jhon Erik Sanmiguel Rangel;19/07/2027;RIOP;4.254459,-76.125846
3501-623;1; RIOPAILA;5.82;8.31;15H1;CC 01-1940;CAÑA;9/02/2022;29/12/2025;5;781;134;784;Bran Arenas Alejandra;Jhon Erik Sanmiguel Rangel;29/12/2026;RIOP;4.258742,-76.127535
3501-630;1; RIOPAILA;7.3;6.28;15H1;CC 99-2282;CAÑA;10/02/2021;1/03/2026;6;980;134;980;Bran Arenas Alejandra;Jhon Erik Sanmiguel Rangel;16/03/2027;RIOP;4.261096,-76.129763
3501-631;1; RIOPAILA;5.32;6.28;15H1;CC 99-2282;CAÑA;22/03/2022;1/03/2026;5;714;134;714;Bran Arenas Alejandra;Jhon Erik Sanmiguel Rangel;16/03/2027;RIOP;4.262872,-76.131602
3501-640;1; RIOPAILA;15.99;4.99;23H1;VARIAS;CAÑA;18/03/2022;9/04/2026;5;2263;142;1727;Bran Arenas Alejandra;Jhon Erik Sanmiguel Rangel;9/04/2027;RIOP;4.264036,-76.132745
3501-650;1; RIOPAILA;16.89;5.06;23H1;CC 05-430;CAÑA;28/03/2022;7/04/2026;5;2370;140;2229;Bran Arenas Alejandra;Jhon Erik Sanmiguel Rangel;7/04/2027;RIOP;4.259835,-76.116329
3501-651;1; RIOPAILA;5.03;2.30;23H1;CC 05-430;CAÑA;31/03/2022;30/06/2026;5;633;126;633;Bran Arenas Alejandra;Jhon Erik Sanmiguel Rangel;30/08/2027;RIOP;4.260459,-76.119836
3102-010;2; GERTRUDIS;1.9;10.61;1H1;CC 01-1940;CAÑA;5/02/2022;20/10/2025;5;233;122;193;Walter Hernando Bermudez Vargas;Alberto Vasquez;20/10/2026;RIOP;4.261564,-76.120855
3102-011;2; GERTRUDIS;2.62;10.25;1H1;CC 11-595;CAÑA;28/08/2021;31/10/2025;5;316;120;266;Walter Hernando Bermudez Vargas;Alberto Vasquez;31/10/2026;RIOP;4.264083,-76.124317
3102-012;2; GERTRUDIS;3.77;10.58;1H1;CC 01-1940;CAÑA;5/02/2022;21/10/2025;5;454;120;382;Walter Hernando Bermudez Vargas;Alberto Vasquez;21/10/2026;RIOP;4.265213,-76.122383
3102-015;2; GERTRUDIS;14.02;1.84;1H1;CC 05-430;CAÑA;28/05/2024;14/07/2026;3;1788;128;1542;Walter Hernando Bermudez Vargas;Alberto Vasquez;28/08/2027;RIOP;4.267545,-76.125491
3102-016;2; GERTRUDIS;6.91;1.64;1H1;CC 05-430;CAÑA;25/07/2024;20/07/2026;3;902;131;726;Walter Hernando Bermudez Vargas;Alberto Vasquez;4/08/2027;RIOP;4.264912,-76.127214
3102-017;2; GERTRUDIS;2.88;12.12;1H1;CC 05-430;CAÑA;2/09/2024;4/09/2025;2;376;131;292;Walter Hernando Bermudez Vargas;Alberto Vasquez;19/09/2026;RIOP;4.268977,-76.129016
3102-020;2; GERTRUDIS;12.74;0.49;1H1;VARIAS;CAÑA;6/08/2024;24/08/2026;3;1663;131;1547;Walter Hernando Bermudez Vargas;Alberto Vasquez;23/09/2027;RIOP;4.266534,-76.129127
3102-025;2; GERTRUDIS;12.25;9.07;1H1;CC 09-066;CAÑA;6/12/2025;8/08/2025;1;1686;138;1573;Walter Hernando Bermudez Vargas;Alberto Vasquez;21/12/2026;RIOP;4.250036,-76.135151
3102-030;2; GERTRUDIS;21.98;9.86;11H1;CC 01-1940;CAÑA;27/10/2012;12/11/2025;14;2803;128;2559;Walter Hernando Bermudez Vargas;Alberto Vasquez;27/11/2026;RIOP;4.253204,-76.136630
3102-040;2; GERTRUDIS;10.72;12.19;11H1;CC 09-066;CAÑA;28/08/2024;2/09/2025;2;1475;138;1302;Walter Hernando Bermudez Vargas;Alberto Vasquez;2/09/2026;RIOP;4.257255,-76.138147
3102-044;2; GERTRUDIS;3.79;8.54;11H1;CC 05-430;CAÑA;9/10/2023;22/12/2025;3;502;133;449;Walter Hernando Bermudez Vargas;Alberto Vasquez;22/12/2026;RIOP;4.258078,-76.139801
3102-050;2; GERTRUDIS;3.18;10.38;11H1;CC 01-1940;CAÑA;3/02/2015;27/10/2025;12;358;113;259;Walter Hernando Bermudez Vargas;Alberto Vasquez;27/10/2026;RIOP;4.285195,-76.094328
3102-060;2; GERTRUDIS;2.18;10.35;11H1;CC 10-450;CAÑA;12/12/2019;28/10/2025;7;245;112;177;Walter Hernando Bermudez Vargas;Alberto Vasquez;28/10/2026;RIOP;4.287269,-76.096772
3102-080;2; GERTRUDIS;7.03;9.33;6H1;VARIAS;CAÑA;1/12/2022;28/11/2025;4;896;128;875;Walter Hernando Bermudez Vargas;Alberto Vasquez;28/11/2026;RIOP;0
3102-081;2; GERTRUDIS;3.04;8.31;6H1;CC 01-1940;CAÑA;24/12/2022;29/12/2025;4;366;120;360;Walter Hernando Bermudez Vargas;Alberto Vasquez;29/12/2026;RIOP;4.284329,-76.097954
3102-090;2; GERTRUDIS;12.51;10.02;6H1;CC 01-1940;CAÑA;6/09/2018;7/11/2025;9;1532;122;1456;Walter Hernando Bermudez Vargas;Alberto Vasquez;22/11/2026;RIOP;4.280495,-76.098040
3102-091;2; GERTRUDIS;1.42;8.57;6H1;CC 11-595;CAÑA;26/08/2021;21/12/2025;5;171;120;151;Walter Hernando Bermudez Vargas;Alberto Vasquez;21/12/2026;RIOP;4.282238,-76.100384
3102-092;2; GERTRUDIS;2.89;10.48;6H1;CC 93-3826;CAÑA;24/10/2025;8/08/2025;1;247;86;365;Walter Hernando Bermudez Vargas;Alberto Vasquez;24/10/2026;RIOP;4.290411,-76.098577
3102-094;2; GERTRUDIS;3.29;10.45;6H1;CC 11-0129;CAÑA;25/10/2025;8/08/2025;1;453;138;416;Walter Hernando Bermudez Vargas;Alberto Vasquez;25/10/2026;RIOP;4.289489,-76.100407
3102-100;2; GERTRUDIS;21.86;9.86;6H1;CC 01-1940;CAÑA;4/09/2014;12/11/2025;12;2567;117;2435;Walter Hernando Bermudez Vargas;Alberto Vasquez;27/11/2026;RIOP;4.291447,-76.100830
3102-110;2; GERTRUDIS;23.54;12.16;1H1;CC 01-1940;CAÑA;6/09/2022;3/09/2025;4;2812;119;2623;Walter Hernando Bermudez Vargas;Alberto Vasquez;18/09/2026;RIOP;4.292127,-76.102263
3102-120;2; GERTRUDIS;10.06;8.31;1H1;CC 05-430;CAÑA;14/11/2023;29/12/2025;3;1232;122;1070;Walter Hernando Bermudez Vargas;Alberto Vasquez;29/12/2026;RIOP;4.293038,-76.105098
3102-121;2; GERTRUDIS;11.96;8.54;1H1;VARIAS;CAÑA;12/12/2023;22/12/2025;3;1406;118;1273;Walter Hernando Bermudez Vargas;Alberto Vasquez;22/12/2026;RIOP;4.295566,-76.108508
3102-140;2; GERTRUDIS;6.59;2.60;6H1;CC 01-1940;CAÑA;23/09/2014;21/06/2026;12;860;131;860;Walter Hernando Bermudez Vargas;Alberto Vasquez;6/07/2027;RIOP;4.294392,-76.107486
3102-151;2; GERTRUDIS;10.97;6.11;6H1;VARIAS;CAÑA;8/02/2023;6/03/2026;4;1454;133;1454;Walter Hernando Bermudez Vargas;Alberto Vasquez;21/03/2027;RIOP;4.295739,-76.106551
3102-160;2; GERTRUDIS;23.48;12.16;6H1;CC 99-2282;CAÑA;1/09/2023;3/09/2025;3;3112;133;3086;Walter Hernando Bermudez Vargas;Alberto Vasquez;18/09/2026;RIOP;4.297550,-76.109925
3102-170;2; GERTRUDIS;17.68;8.38;7H0;CC 09-066;CAÑA;27/12/2025;28/10/2025;1;2254;128;2263;Walter Hernando Bermudez Vargas;Alberto Vasquez;27/12/2026;RIOP;4.298706,-76.111432
3102-171;2; GERTRUDIS;5.26;11.60;7H0;CC 01-1940;CAÑA;28/02/2014;20/09/2025;12;697;133;612;Walter Hernando Bermudez Vargas;Alberto Vasquez;20/09/2026;RIOP;4.299310,-76.112364
3102-180;2; GERTRUDIS;12.88;9.36;7H0;CC 01-1940;CAÑA;14/12/2016;27/11/2025;10;1573;122;1371;Walter Hernando Bermudez Vargas;Alberto Vasquez;27/11/2026;RIOP;4.300076,-76.113252
3102-181;2; GERTRUDIS;10.57;1.87;7H0;CC 11-595;CAÑA;31/03/2024;13/07/2026;3;1380;131;1163;Walter Hernando Bermudez Vargas;Alberto Vasquez;28/07/2027;RIOP;4.301599,-76.114942
3102-190;2; GERTRUDIS;19.25;1.71;7H0;CC 01-1940;CAÑA;23/03/2015;18/07/2026;12;2455;128;2310;Walter Hernando Bermudez Vargas;Alberto Vasquez;2/08/2027;RIOP;4.285213,-76.102642
3102-191;2; GERTRUDIS;4.43;0.33;7H0;CC 11-595;CAÑA;13/08/2022;29/08/2026;5;543;122;494;Walter Hernando Bermudez Vargas;Alberto Vasquez;28/09/2027;RIOP;4.287410,-76.101966
3102-280;2; GERTRUDIS;7.97;2.07;11H1;VARIAS;CAÑA;30/07/2021;7/07/2026;6;976;122;733;Walter Hernando Bermudez Vargas;Alberto Vasquez;22/07/2027;RIOP;4.286913,-76.104120
3102-281;2; GERTRUDIS;12.44;0.49;11H1;CC 05-430;CAÑA;15/08/2025;24/08/2026;2;1774;143;1573;Walter Hernando Bermudez Vargas;Alberto Vasquez;23/09/2027;RIOP;4.287811,-76.105257
3102-290;2; GERTRUDIS;14.45;10.81;11H1;CC 05-430;CAÑA;19/08/2022;14/10/2025;4;1770;122;1682;Walter Hernando Bermudez Vargas;Alberto Vasquez;14/10/2026;RIOP;4.288441,-76.107860
3102-300;2; GERTRUDIS;3.36;9.63;11H1;VARIAS;CAÑA;23/12/2021;19/11/2025;5;428;128;341;Walter Hernando Bermudez Vargas;Alberto Vasquez;19/11/2026;RIOP;4.290154,-76.107896
3104-010;2; VALPARAISO;16.32;12.09;6H2;CC 05-430;CAÑA;30/08/2024;5/09/2025;2;2081;128;1900;Walter Hernando Bermudez Vargas;Hector Lopez;5/09/2026;RIOP;4.290655,-76.106758
3104-020;2; VALPARAISO;10.42;2.66;1H2;CC 13-2035;CAÑA;19/06/2026;31/12/2025;1;1163;112;1163;Walter Hernando Bermudez Vargas;Hector Lopez;19/06/2027;RIOP;4.290761,-76.110832
3104-021;2; VALPARAISO;6.68;0.36;1H2;CC 05-430;CAÑA;12/08/2025;28/08/2026;2;953;143;878;Walter Hernando Bermudez Vargas;Hector Lopez;27/09/2027;RIOP;4.292551,-76.112229
3104-030;2; VALPARAISO;10.85;4.93;1H2;CC 05-430;CAÑA;7/05/2024;11/04/2026;3;1416;131;1508;Walter Hernando Bermudez Vargas;Hector Lopez;11/04/2027;RIOP;4.293359,-76.113318
3104-040;2; VALPARAISO;9.14;10.28;1H2;CC 99-2282;CAÑA;18/10/2023;30/10/2025;3;1165;128;1064;Walter Hernando Bermudez Vargas;Hector Lopez;14/11/2026;RIOP;4.294147,-76.114387
3104-041;2; VALPARAISO;10.36;5.68;1H2;CC 10-450;CAÑA;8/01/2020;19/03/2026;7;1205;116;1205;Walter Hernando Bermudez Vargas;Hector Lopez;3/06/2027;RIOP;4.295379,-76.115628
3104-050;2; VALPARAISO;13.43;8.31;1H2;VARIAS;CAÑA;25/11/2020;29/12/2025;6;1635;122;1295;Walter Hernando Bermudez Vargas;Hector Lopez;29/12/2026;RIOP;4.297716,-76.118736
3104-051;2; VALPARAISO;5.18;1.31;1H2;CC 01-1940;CAÑA;5/02/2021;30/07/2026;6;556;107;518;Walter Hernando Bermudez Vargas;Hector Lopez;14/08/2027;RIOP;4.296824,-76.118000
3104-060;2; VALPARAISO;9.2;3.22;1H2;CC 11-595;CAÑA;22/04/2024;2/06/2026;3;1173;128;1173;Walter Hernando Bermudez Vargas;Hector Lopez;2/08/2027;RIOP;4.296204,-76.117164
3104-061;2; VALPARAISO;9.32;3.42;1H2;CC 10-450;CAÑA;29/02/2020;27/05/2026;6;1001;107;1001;Walter Hernando Bermudez Vargas;Hector Lopez;25/11/2027;RIOP;4.281654,-76.105963
3104-070;2; VALPARAISO;14.29;3.02;1H2;CC 13-2035;CAÑA;8/06/2026;7/01/2026;1;1727;121;1727;Walter Hernando Bermudez Vargas;Hector Lopez;8/06/2027;RIOP;4.280811,-76.104784
3104-080;2; VALPARAISO;5.52;3.15;5H4;CC 10-450;CAÑA;19/02/2020;4/06/2026;6;676;122;676;Walter Hernando Bermudez Vargas;Hector Lopez;4/10/2027;RIOP;4.282542,-76.107163
3104-081;2; VALPARAISO;4.65;0.99;5H4;CC 12-2120;CAÑA;17/07/2023;9/08/2026;4;324;70;414;Walter Hernando Bermudez Vargas;Hector Lopez;24/08/2027;RIOP;4.283415,-76.108270
3104-082;2; VALPARAISO;1.13;3.12;5H4;CC 12-2120;CAÑA;17/07/2023;5/06/2026;4;138;122;138;Walter Hernando Bermudez Vargas;Hector Lopez;5/10/2027;RIOP;4.282712,-76.110996
3104-090;2; VALPARAISO;14.11;5.85;5H4;CC 11-595;CAÑA;24/10/2023;14/03/2026;3;1733;123;1733;Walter Hernando Bermudez Vargas;Hector Lopez;13/06/2027;RIOP;4.283942,-76.112602
3104-100;2; VALPARAISO;5.72;5.88;5H4;CC 11-595;CAÑA;13/10/2023;13/03/2026;3;672;117;672;Walter Hernando Bermudez Vargas;Hector Lopez;12/08/2027;RIOP;4.285049,-76.109399
3104-102;2; VALPARAISO;5.51;5.85;5H4;CC 11-595;CAÑA;19/09/2023;14/03/2026;3;647;117;647;Walter Hernando Bermudez Vargas;Hector Lopez;13/08/2027;RIOP;4.286261,-76.111016
3104-103;2; VALPARAISO;5.81;5.75;5H4;CC 11-595;CAÑA;11/09/2023;17/03/2026;3;653;112;653;Walter Hernando Bermudez Vargas;Hector Lopez;16/08/2027;RIOP;4.281561,-76.113212
3104-110;2; VALPARAISO;20.17;1.54;5H4;CC 11-595;CAÑA;15/08/2023;23/07/2026;3;2369;117;2219;Walter Hernando Bermudez Vargas;Hector Lopez;22/07/2028;RIOP;4.287905,-76.112971
3104-120;2; VALPARAISO;14.42;0.26;6H2;CC 01-1940;CAÑA;16/08/2016;31/08/2026;11;1882;131;1607;Walter Hernando Bermudez Vargas;Hector Lopez;30/09/2027;RIOP;4.284619,-76.114888
3104-123;2; VALPARAISO;3.72;0.30;6H2;CC 01-1940;CAÑA;3/06/2015;30/08/2026;12;486;131;414;Walter Hernando Bermudez Vargas;Hector Lopez;29/09/2027;RIOP;4.288104,-76.115788
3104-130;2; VALPARAISO;8.97;1.71;1H2;CC 13-2035;CAÑA;5/07/2024;18/07/2026;3;1234;138;1076;Walter Hernando Bermudez Vargas;Hector Lopez;11/08/2027;RIOP;4.286691,-76.117775
3104-131;2; VALPARAISO;8.94;2.23;1H2;CC 01-1940;CAÑA;11/08/2016;2/07/2026;10;915;102;1067;Walter Hernando Bermudez Vargas;Hector Lopez;17/07/2027;RIOP;4.289381,-76.117641
3104-140;2; VALPARAISO;14.02;8.31;1H2;CC 12-2120;CAÑA;5/12/2023;29/12/2025;3;1646;117;1492;Walter Hernando Bermudez Vargas;Hector Lopez;29/12/2026;RIOP;4.290149,-76.118532
3104-141;2; VALPARAISO;6.49;11.27;1H2;CC 13-2035;CAÑA;30/09/2025;2/08/2025;1;893;138;820;Walter Hernando Bermudez Vargas;Hector Lopez;30/09/2026;RIOP;4.290939,-76.119379
3104-142;2; VALPARAISO;3.58;0.30;1H2;CC 11-595;CAÑA;12/08/2023;30/08/2026;4;420;117;399;Walter Hernando Bermudez Vargas;Hector Lopez;29/09/2027;RIOP;4.291707,-76.120228
3104-150;2; VALPARAISO;10.33;0.30;1H2;CC 13-2035;CAÑA;23/08/2025;30/08/2026;2;1473;143;1409;Walter Hernando Bermudez Vargas;Hector Lopez;30/08/2027;RIOP;4.292803,-76.120820
3104-160;2; VALPARAISO;8.44;5.29;5H4;CC 05-430;CAÑA;23/02/2024;31/03/2026;3;1076;128;1076;Walter Hernando Bermudez Vargas;Hector Lopez;15/04/2027;RIOP;4.293624,-76.121589
3104-161;2; VALPARAISO;8.97;1.87;5H4;CC 14-3296;CAÑA;29/04/2024;13/07/2026;3;1144;128;1076;Walter Hernando Bermudez Vargas;Hector Lopez;27/09/2027;RIOP;4.277359,-76.108159
3104-170;2; VALPARAISO;7.29;0.43;5H4;CC 05-430;CAÑA;17/08/2023;26/08/2026;4;930;128;885;Walter Hernando Bermudez Vargas;Hector Lopez;26/08/2027;RIOP;4.279300,-76.110301
3104-171;2; VALPARAISO;14.18;9.26;5H4;CC 13-2035;CAÑA;30/11/2025;23/03/2025;1;2142;151;1863;Walter Hernando Bermudez Vargas;Hector Lopez;30/11/2026;RIOP;4.277851,-76.100751
3104-180;2; VALPARAISO;6.74;1.87;5H4;CC 11-600;CAÑA;6/04/2020;13/07/2026;5;690;102;674;Walter Hernando Bermudez Vargas;Hector Lopez;12/07/2028;RIOP;4.276924,-76.099772
3104-181;2; VALPARAISO;5.74;0.33;5H4;CC 11-600;CAÑA;6/04/2020;29/08/2026;6;616;107;582;Walter Hernando Bermudez Vargas;Hector Lopez;28/09/2027;RIOP;4.272012,-76.102873
3104-182;2; VALPARAISO;6.73;0.33;5H4;CC 01-1940;CAÑA;6/04/2020;29/08/2026;6;722;107;682;Walter Hernando Bermudez Vargas;Hector Lopez;28/09/2027;RIOP;4.273515,-76.103901
3104-190;2; VALPARAISO;8.27;8.54;1H2;CC 05-430;CAÑA;4/11/2023;22/12/2025;3;1055;128;988;Walter Hernando Bermudez Vargas;Hector Lopez;22/12/2026;RIOP;4.275027,-76.105646
3104-192;2; VALPARAISO;7.92;2.23;1H2;CC 99-2282;CAÑA;27/05/2016;2/07/2026;11;954;120;826;Walter Hernando Bermudez Vargas;Hector Lopez;17/07/2027;RIOP;4.280148,-76.101914
3104-200;2; VALPARAISO;8.32;9.26;1H2;CC 05-430;CAÑA;28/11/2023;30/11/2025;3;1145;138;1010;Walter Hernando Bermudez Vargas;Hector Lopez;30/11/2026;RIOP;4.278058,-76.103409
3104-201;2; VALPARAISO;7.72;1.64;1H2;CC 05-430;CAÑA;17/07/2024;20/07/2026;3;1062;138;888;Walter Hernando Bermudez Vargas;Hector Lopez;4/08/2027;RIOP;4.275557,-76.097766
3104-210;2; VALPARAISO;4.84;8.41;1H2;CC 01-1940;CAÑA;30/04/2014;26/12/2025;12;534;110;539;Walter Hernando Bermudez Vargas;Hector Lopez;26/12/2026;RIOP;4.274258,-76.095908
3104-211;2; VALPARAISO;4.94;8.25;1H2;CC 92-2198;CAÑA;5/04/2013;31/12/2025;13;545;110;585;Walter Hernando Bermudez Vargas;Hector Lopez;31/12/2026;RIOP;4.277830,-76.094866
3104-213;2; VALPARAISO;8.07;3.55;1H2;CC 11-0213;CAÑA;16/04/2024;23/05/2026;3;1070;133;1070;Walter Hernando Bermudez Vargas;Hector Lopez;23/07/2027;RIOP;4.280128,-76.093134
3104-220;2; VALPARAISO;8.41;0.99;1H2;CC 01-1940;CAÑA;1/04/2019;9/08/2026;8;945;112;674;Walter Hernando Bermudez Vargas;Hector Lopez;24/08/2027;RIOP;4.263701,-76.109125
3104-221;2; VALPARAISO;10.36;1.02;5H4;CC 05-430;CAÑA;24/06/2023;8/08/2026;4;1425;138;1370;Walter Hernando Bermudez Vargas;Hector Lopez;23/08/2027;RIOP;4.265574,-76.106871
3104-230;2; VALPARAISO;11.26;12.32;5H4;CC 05-430;CAÑA;29/08/2025;17/02/2025;1;1606;143;1536;Walter Hernando Bermudez Vargas;Hector Lopez;13/09/2026;RIOP;4.263295,-76.104135
3104-234;2; VALPARAISO;10.74;1.54;5H4;CC 05-430;CAÑA;22/04/2024;23/07/2026;3;1424;133;1450;Walter Hernando Bermudez Vargas;Hector Lopez;7/08/2027;RIOP;4.262429,-76.114107
3104-240;2; VALPARAISO;17.78;12.06;5H4;CC 13-2035;CAÑA;6/09/2025;17/02/2025;1;2446;138;2425;Walter Hernando Bermudez Vargas;Hector Lopez;6/09/2026;RIOP;4.262850,-76.115496
3104-241;2; VALPARAISO;3.9;11.99;5H4;CC 13-2035;CAÑA;8/09/2025;17/02/2025;1;517;133;532;Walter Hernando Bermudez Vargas;Hector Lopez;8/09/2026;RIOP;4.264760,-76.117067
3104-250;2; VALPARAISO;9.02;1.48;5H3;CC 11-600;CAÑA;14/01/2020;25/07/2026;7;987;109;992;Walter Hernando Bermudez Vargas;Hector Lopez;25/07/2027;RIOP;4.266393,-76.118668
3104-251;2; VALPARAISO;8.28;1.54;5H3;CC 11-600;CAÑA;14/01/2020;23/07/2026;7;906;109;911;Walter Hernando Bermudez Vargas;Hector Lopez;23/07/2027;RIOP;4.268598,-76.120991
3104-252;2; VALPARAISO;7.97;1.48;5H3;CC 11-600;CAÑA;14/01/2020;25/07/2026;7;872;109;837;Walter Hernando Bermudez Vargas;Hector Lopez;25/07/2027;RIOP;4.271255,-76.123596
3104-260;2; VALPARAISO;7.57;0.33;5H3;CC 01-1940;CAÑA;31/01/2020;29/08/2026;7;851;112;768;Walter Hernando Bermudez Vargas;Hector Lopez;13/09/2027;RIOP;4.271509,-76.121727
3104-261;2; VALPARAISO;7.01;9.46;5H3;CC 13-2035;CAÑA;24/11/2025;3/08/2025;1;515;74;921;Walter Hernando Bermudez Vargas;Hector Lopez;24/09/2026;RIOP;4.272435,-76.125960
3104-262;2; VALPARAISO;6.97;9.40;5H3;CC 13-2035;CAÑA;26/11/2025;3/08/2025;1;959;138;895;Walter Hernando Bermudez Vargas;Hector Lopez;26/11/2026;RIOP;4.272254,-76.124503
3104-270;2; VALPARAISO;13.87;9.23;1H2;CC 99-2282;CAÑA;28/11/2023;1/12/2025;4;1866;135;1615;Walter Hernando Bermudez Vargas;Hector Lopez;1/12/2026;RIOP;4.276271,-76.127345
3104-280;2; VALPARAISO;11.44;1.84;1H2;CC 01-1940;CAÑA;8/04/2014;14/07/2026;13;1493;131;1258;Walter Hernando Bermudez Vargas;Hector Lopez;29/07/2027;RIOP;4.277264,-76.129255
3104-340;2; VALPARAISO;9.23;9.23;7H2;CC 99-2282;CAÑA;31/10/2023;1/12/2025;3;1177;128;1074;Walter Hernando Bermudez Vargas;Hector Lopez;16/12/2026;RIOP;4.278578,-76.131145
3104-341;2; VALPARAISO;5.02;9.33;7H2;CC 01-1940;CAÑA;18/12/2018;28/11/2025;8;590;117;584;Walter Hernando Bermudez Vargas;Hector Lopez;28/11/2026;RIOP;4.279813,-76.132588
3104-350;2; VALPARAISO;12.85;10.25;6H2;VARIAS;CAÑA;27/02/2015;31/10/2025;11;1548;120;1496;Walter Hernando Bermudez Vargas;Hector Lopez;15/11/2026;RIOP;4.280664,-76.133615
3104-351;2; VALPARAISO;10.18;2.73;6H2;CC 01-1940;CAÑA;14/05/2016;17/06/2026;11;1329;131;1329;Walter Hernando Bermudez Vargas;Hector Lopez;17/06/2027;RIOP;4.280699,-76.135007
3104-360;2; VALPARAISO;18.23;9.33;6H2;CC 01-1940;CAÑA;5/12/2018;28/11/2025;8;2141;117;2122;Walter Hernando Bermudez Vargas;Hector Lopez;28/11/2026;RIOP;4.305426,-76.119613
3104-370;2; VALPARAISO;9.49;9.33;1H2;VARIAS;CAÑA;2/08/2017;28/11/2025;9;1019;107;962;Walter Hernando Bermudez Vargas;Hector Lopez;25/11/2026;RIOP;4.300667,-76.122751
3104-371;2; VALPARAISO;8.07;10.25;1H2;CC 05-430;CAÑA;10/10/2023;31/10/2025;3;1110;138;1020;Walter Hernando Bermudez Vargas;Hector Lopez;31/10/2026;RIOP;4.309121,-76.120663
3104-410;2; VALPARAISO;8.79;8.51;7H2;CC 99-2282;CAÑA;25/01/2024;23/12/2025;3;708;81;803;Walter Hernando Bermudez Vargas;Hector Lopez;23/12/2026;RIOP;4.306170,-76.122613
3104-420;2; VALPARAISO;11.13;9.43;7H1;SP 71-6949;CAÑA;23/11/2023;25/11/2025;3;1195;107;1017;Walter Hernando Bermudez Vargas;Hector Lopez;10/12/2026;RIOP;4.308108,-76.121308
3104-430;2; VALPARAISO;13.88;8.54;7H1;CC 01-1940;CAÑA;16/08/2018;22/12/2025;8;1490;107;1269;Walter Hernando Bermudez Vargas;Hector Lopez;22/12/2026;RIOP;4.302401,-76.125120
3104-440;2; VALPARAISO;10.18;2.76;7H2;CC 01-1940;CAÑA;18/09/2014;16/06/2026;12;1093;107;1093;Walter Hernando Bermudez Vargas;Hector Lopez;1/07/2027;RIOP;4.307659,-76.125037
3105-300;2; MORILLO;13.09;9.53;1H1;CC 05-430;CAÑA;18/11/2023;22/11/2025;3;1669;128;1629;Walter Hernando Bermudez Vargas;Andres Mesa;22/11/2026;RIOP;4.310188,-76.123224
3105-310;2; MORILLO;11;10.25;6H1;CC 13-2035;CAÑA;31/10/2025;17/03/2025;1;1514;138;1446;Walter Hernando Bermudez Vargas;Andres Mesa;31/10/2026;RIOP;4.304122,-76.127432
3105-320;2; MORILLO;11.96;10.05;6H1;VARIAS;CAÑA;26/08/2020;6/11/2025;6;1525;128;1392;Walter Hernando Bermudez Vargas;Andres Mesa;21/11/2026;RIOP;4.309263,-76.127179
3105-430;2; MORILLO;4.74;2.23;1H1;SP 71-6949;CAÑA;3/03/2017;2/07/2026;10;557;117;473;Walter Hernando Bermudez Vargas;Andres Mesa;17/07/2027;RIOP;4.311654,-76.126277
3105-431;2; MORILLO;4.66;1.28;1H1;CC 13-2035;CAÑA;22/07/2025;31/07/2026;2;352;76;583;Walter Hernando Bermudez Vargas;Andres Mesa;31/07/2027;RIOP;4.306343,-76.129209
3105-440;2; MORILLO;6.31;8.51;6H1;CC 01-1940;CAÑA;6/11/2015;23/12/2025;11;839;133;671;Walter Hernando Bermudez Vargas;Andres Mesa;23/12/2026;RIOP;4.303965,-76.130767
3105-450;2; MORILLO;9.41;9.82;7H0;CC 11-600;CAÑA;30/11/2019;13/11/2025;7;1152;122;1124;Walter Hernando Bermudez Vargas;Andres Mesa;13/11/2026;RIOP;4.311495,-76.129126
3105-460;2; MORILLO;13.45;9.40;1H1;CC 05-430;CAÑA;31/12/2022;26/11/2025;4;1783;133;1633;Walter Hernando Bermudez Vargas;Andres Mesa;23/11/2026;RIOP;4.306581,-76.132087
3105-600;2; MORILLO;6.19;5.65;1H1;VARIAS;CAÑA;15/10/2022;20/03/2026;5;820;133;820;Walter Hernando Bermudez Vargas;Andres Mesa;20/03/2027;RIOP;4.309312,-76.131153
3105-601;2; MORILLO;1.93;5.65;1H1;CC 01-1940;CAÑA;27/12/2010;20/03/2026;15;217;112;217;Walter Hernando Bermudez Vargas;Andres Mesa;3/09/2027;RIOP;4.308457,-76.130071
3105-610;2; MORILLO;13.85;2.73;7H0;CC 05-430;CAÑA;23/06/2023;17/06/2026;4;1906;138;1906;Walter Hernando Bermudez Vargas;Andres Mesa;2/07/2027;RIOP;4.314105,-76.130053
3105-611;2; MORILLO;7.19;10.51;6H1;VARIAS;CAÑA;18/10/2022;23/10/2025;4;989;138;909;Walter Hernando Bermudez Vargas;Andres Mesa;23/10/2026;RIOP;4.312277,-76.131749
3105-620;2; MORILLO;12.88;9.13;7H0;CC 05-430;CAÑA;8/11/2024;4/12/2025;2;1707;133;1564;Walter Hernando Bermudez Vargas;Andres Mesa;19/12/2026;RIOP;4.308564,-76.133357
3105-630;2; MORILLO;13.47;9.17;7H0;CC 13-2035;CAÑA;31/10/2024;3/12/2025;2;1785;133;1635;Walter Hernando Bermudez Vargas;Andres Mesa;18/12/2026;RIOP;4.309354,-76.134385
3105-640;2; MORILLO;13.37;11.14;1H1;CC 05-430;CAÑA;21/09/2024;4/10/2025;2;1772;133;1490;Walter Hernando Bermudez Vargas;Andres Mesa;19/10/2026;RIOP;4.313587,-76.134919
3105-650;2; MORILLO;7.28;12.52;5H3;CC 01-1940;CAÑA;24/10/2018;23/08/2025;8;965;133;847;Walter Hernando Bermudez Vargas;Andres Mesa;7/09/2026;RIOP;4.313318,-76.133229
3105-651;2; MORILLO;7.1;8.74;5H3;CC 05-430;CAÑA;30/09/2024;16/12/2025;2;905;128;848;Walter Hernando Bermudez Vargas;Andres Mesa;16/12/2026;RIOP;4.310488,-76.136166
3105-660;2; MORILLO;4.07;1.48;5H3;CC 11-595;CAÑA;28/04/2023;25/07/2026;4;490;120;490;Walter Hernando Bermudez Vargas;Andres Mesa;9/08/2027;RIOP;4.312080,-76.138613
3109-010;2; VENECIA;19.57;1.02;5H3;CC 05-430;CAÑA;12/07/2023;8/08/2026;4;2495;128;1863;Walter Hernando Bermudez Vargas;Freddy Reyes;23/08/2027;RIOP;4.313422,-76.141212
3109-020;2; VENECIA;17.13;1.18;10H3;CC 11-595;CAÑA;28/10/2023;3/08/2026;3;2098;122;1888;Walter Hernando Bermudez Vargas;Freddy Reyes;2/04/2028;RIOP;4.314044,-76.143349
3109-060;2; VENECIA;4;2.53;5H3;CC 05-430;CAÑA;5/07/2023;23/06/2026;4;490;122;490;Walter Hernando Bermudez Vargas;Freddy Reyes;8/07/2027;RIOP;0
3109-061;2; VENECIA;11.43;0.00;5H3;RENOVACION;CAÑA;13/09/2018;1/02/2026;1;1405;123;1405;Walter Hernando Bermudez Vargas;Freddy Reyes;18/04/2027;RIOP;4.311712,-76.145127
3109-062;2; VENECIA;3.56;8.25;5H3;CC 01-1940;CAÑA;14/11/2015;31/12/2025;11;422;118;379;Walter Hernando Bermudez Vargas;Freddy Reyes;31/12/2026;RIOP;4.303581,-76.117468
3109-070;2; VENECIA;17.64;0.72;5H3;VARIAS;CAÑA;13/11/2023;17/08/2026;3;2339;133;2210;Walter Hernando Bermudez Vargas;Freddy Reyes;16/04/2028;RIOP;4.299299,-76.120885
3109-110;2; VENECIA;9.63;8.18;5H3;CC 01-1940;CAÑA;3/08/2012;2/01/2026;14;1179;122;1198;Walter Hernando Bermudez Vargas;Freddy Reyes;30/12/2026;RIOP;4.298534,-76.119820
3109-111;2; VENECIA;9.01;12.06;5H3;CC 05-430;CAÑA;3/09/2024;6/09/2025;2;1149;128;914;Walter Hernando Bermudez Vargas;Freddy Reyes;6/10/2026;RIOP;4.316445,-76.146470
3109-120;2; VENECIA;16.27;8.25;5H3;CC 99-2282;CAÑA;20/09/2017;31/12/2025;9;2130;131;1813;Walter Hernando Bermudez Vargas;Freddy Reyes;31/12/2026;RIOP;4.321440,-76.148944
3109-160;2; VENECIA;11.39;1.05;5H3;CC 01-1940;CAÑA;5/12/2015;7/08/2026;11;1452;128;1457;Walter Hernando Bermudez Vargas;Freddy Reyes;6/09/2027;RIOP;4.318381,-76.149391
3109-161;2; VENECIA;5.62;8.15;5H3;CC 01-1940;CAÑA;19/11/2020;3/01/2026;6;736;131;626;Walter Hernando Bermudez Vargas;Freddy Reyes;31/12/2026;RIOP;4.325145,-76.148555
3109-170;2; VENECIA;12.62;8.41;5H3;CC 11-600;CAÑA;20/09/2019;26/12/2025;7;1545;122;1570;Walter Hernando Bermudez Vargas;Freddy Reyes;26/12/2026;RIOP;4.329969,-76.147579
3109-171;2; VENECIA;3.17;8.57;5H3;CC 05-430;CAÑA;17/09/2024;21/12/2025;2;414;131;394;Walter Hernando Bermudez Vargas;Freddy Reyes;21/12/2026;RIOP;4.282712,-76.135503
3109-210;2; VENECIA;19.34;4.93;5H2;CC 05-430;CAÑA;12/03/2024;11/04/2026;3;2466;128;1895;Walter Hernando Bermudez Vargas;Freddy Reyes;11/05/2027;RIOP;4.285443,-76.137786
3109-220;2; VENECIA;11.92;8.31;5H3;CC 01-1940;CAÑA;29/08/2015;29/12/2025;11;1479;124;1268;Walter Hernando Bermudez Vargas;Freddy Reyes;29/12/2026;RIOP;4.289248,-76.141534
3109-221;2; VENECIA;2.14;8.41;5H3;CC 01-1940;CAÑA;1/04/2019;26/12/2025;7;241;112;217;Walter Hernando Bermudez Vargas;Freddy Reyes;26/12/2026;RIOP;4.291679,-76.142093
3109-222;2; VENECIA;1.61;3.35;5H3;CC 13-2035;CAÑA;1/04/2024;29/05/2026;3;184;114;184;Walter Hernando Bermudez Vargas;Freddy Reyes;27/11/2027;RIOP;4.296703,-76.144811
3109-261;2; VENECIA;4.98;8.31;5H2;CC 85-92;CAÑA;5/02/2013;29/12/2025;13;627;126;590;Walter Hernando Bermudez Vargas;Freddy Reyes;29/12/2026;RIOP;4.293464,-76.145976
3109-262;2; VENECIA;7.5597;8.25;5H3;CC 85-92;CAÑA;24/08/2012;31/12/2025;14;808;107;895;Walter Hernando Bermudez Vargas;Freddy Reyes;31/12/2026;RIOP;4.294475,-76.145155
3109-270;2; VENECIA;7.8;1.05;5H3;CC 13-2035;CAÑA;6/08/2025;7/08/2026;2;1113;143;1053;Walter Hernando Bermudez Vargas;Freddy Reyes;22/08/2027;RIOP;4.299590,-76.147748
3109-271;2; VENECIA;7.84;0.62;5H3;CC 13-2035;CAÑA;7/08/2025;20/08/2026;2;1118;143;1116;Walter Hernando Bermudez Vargas;Freddy Reyes;4/09/2027;RIOP;4.300937,-76.147660
3109-300;2; VENECIA;2.1;8.25;5H3;CC 01-1940;CAÑA;1/03/2012;31/12/2025;14;234;112;223;Walter Hernando Bermudez Vargas;Freddy Reyes;31/12/2026;RIOP;4.298303,-76.147134
3109-301;2; VENECIA;2.84;6.87;5H3;CC 05-430;CAÑA;24/08/2024;11/02/2026;2;376;133;376;Walter Hernando Bermudez Vargas;Freddy Reyes;28/07/2027;RIOP;4.297082,-76.149071
3109-310;2; VENECIA;15.77;1.28;10H3;CC 13-2035;CAÑA;31/07/2026;19/01/2026;1;1906;121;1906;Walter Hernando Bermudez Vargas;Freddy Reyes;31/07/2027;RIOP;4.294332,-76.149977
3109-340;2; VENECIA;16.88;0.79;5H3;CC 11-595;CAÑA;2/03/2021;15/08/2026;6;2135;126;1507;Walter Hernando Bermudez Vargas;Freddy Reyes;14/09/2027;RIOP;4.299326,-76.150198
3109-350;2; VENECIA;5.53;12.22;5H3;CC 05-430;CAÑA;23/08/2024;1/09/2025;2;770;139;616;Walter Hernando Bermudez Vargas;Freddy Reyes;1/10/2026;RIOP;4.297804,-76.151751
3109-351;2; VENECIA;5.66;8.54;5H3;CC 85-92;CAÑA;31/01/2013;22/12/2025;13;682;120;704;Walter Hernando Bermudez Vargas;Freddy Reyes;22/12/2026;RIOP;4.299899,-76.151583
3109-352;2; VENECIA;4.36;1.15;5H3;CC 99-2282;CAÑA;4/08/2023;4/08/2026;4;556;128;435;Walter Hernando Bermudez Vargas;Freddy Reyes;19/08/2027;RIOP;4.299301,-76.154074
3109-400;2; VENECIA;8.82;12.06;5H3;CC 01-1940;CAÑA;7/05/2018;6/09/2025;8;1151;131;983;Walter Hernando Bermudez Vargas;Freddy Reyes;6/10/2026;RIOP;4.301859,-76.152937
3109-410;2; VENECIA;17.32;1.25;5H3;CC 11-595;CAÑA;12/08/2022;1/08/2026;5;2208;128;1546;Walter Hernando Bermudez Vargas;Freddy Reyes;31/08/2027;RIOP;0
3109-420;2; VENECIA;10.3;11.43;5H3;CC 11-595;CAÑA;13/09/2022;25/09/2025;4;1158;112;1199;Walter Hernando Bermudez Vargas;Freddy Reyes;25/09/2026;RIOP;4.284010,-76.139069
3109-422;2; VENECIA;4.7;0.53;5H3;CC 12-2120;CAÑA;3/02/2024;23/08/2026;3;505;107;453;Walter Hernando Bermudez Vargas;Freddy Reyes;23/05/2028;RIOP;4.288112,-76.142936
3109-500;2; VENECIA;18.57;10.35;5H3;CC 01-1940;CAÑA;10/03/2015;28/10/2025;11;2368;128;2162;Walter Hernando Bermudez Vargas;Freddy Reyes;12/11/2026;RIOP;4.291836,-76.147057
3109-510;2; VENECIA;11.93;11.66;23H1;CC 05-430;CAÑA;27/09/2023;18/09/2025;4;1521;128;1389;Walter Hernando Bermudez Vargas;Freddy Reyes;18/09/2026;RIOP;4.295081,-76.151450
3109-511;2; VENECIA;9.68;11.53;23H1;CC 05-430;CAÑA;30/09/2023;22/09/2025;3;1205;124;1078;Walter Hernando Bermudez Vargas;Freddy Reyes;7/10/2026;RIOP;4.281767,-76.141160
3109-520;2; VENECIA;14.64;10.35;5H3;CC 01-1940;CAÑA;25/09/2017;28/10/2025;9;1867;128;1704;Walter Hernando Bermudez Vargas;Freddy Reyes;12/11/2026;RIOP;4.284769,-76.145150
3109-530;2; VENECIA;15.27;9.17;5H3;CC 11-595;CAÑA;10/09/2021;3/12/2025;5;1947;128;1823;Walter Hernando Bermudez Vargas;Freddy Reyes;18/12/2026;RIOP;4.285968,-76.144348
3110-010;2; NORMANDIA;7.59;1.15;5H3;CC 13-2035;CAÑA;26/07/2025;4/08/2026;2;1083;143;935;Walter Hernando Bermudez Vargas;Andres Mesa;3/09/2027;RIOP;4.288516,-76.149237
3110-020;2; NORMANDIA;12.22;0.49;5H3;CC 05-430;CAÑA;23/08/2024;24/08/2026;3;1497;122;1361;Walter Hernando Bermudez Vargas;Andres Mesa;8/09/2027;RIOP;4.289310,-76.148747
3110-030;2; NORMANDIA;6.91;6.08;5H3;CC 11-0129;CAÑA;7/03/2026;22/09/2025;1;835;121;835;Walter Hernando Bermudez Vargas;Andres Mesa;7/03/2027;RIOP;4.290085,-76.148221
3110-031;2; NORMANDIA;5.91;6.01;5H3;CC 11-0129;CAÑA;9/03/2026;12/09/2025;1;50;9;609;Walter Hernando Bermudez Vargas;Andres Mesa;9/03/2027;RIOP;4.292831,-76.152231
3110-040;2; NORMANDIA;10.62;5.22;5H3;CC 11-595;CAÑA;24/02/2024;2/04/2026;3;1354;128;690;Walter Hernando Bermudez Vargas;Andres Mesa;17/05/2027;RIOP;4.280261,-76.142850
3110-050;2; NORMANDIA;8.33;0.00;5H3;RENOVACION;CAÑA;25/03/2014;31/12/2025;1;978;117;978;Walter Hernando Bermudez Vargas;Andres Mesa;31/12/2026;RIOP;4.283232,-76.146153
3110-051;2; NORMANDIA;8.07;10.51;5H3;CC 05-430;CAÑA;28/08/2024;23/10/2025;2;988;122;738;Walter Hernando Bermudez Vargas;Andres Mesa;23/10/2026;RIOP;4.287028,-76.150295
3110-060;2; NORMANDIA;4.72;8.31;5H3;CC 01-1940;CAÑA;11/09/2018;29/12/2025;8;576;122;587;Walter Hernando Bermudez Vargas;Andres Mesa;29/12/2026;RIOP;4.288204,-76.154619
3110-061;2; NORMANDIA;3.1;8.25;5H3;CC 11-0132;CAÑA;22/11/2023;31/12/2025;3;411;133;386;Walter Hernando Bermudez Vargas;Andres Mesa;31/12/2026;RIOP;4.290214,-76.156449
3110-064;2; NORMANDIA;3.02;8.31;5H3;CC 01-1940;CAÑA;28/03/2014;29/12/2025;12;385;127;376;Walter Hernando Bermudez Vargas;Andres Mesa;29/12/2026;RIOP;4.280983,-76.147654
3110-070;2; NORMANDIA;10.42;8.77;5H3;CC 11-0132;CAÑA;20/01/2024;15/12/2025;3;1406;135;1369;Walter Hernando Bermudez Vargas;Andres Mesa;15/12/2026;RIOP;4.285690,-76.151826
3110-071;2; NORMANDIA;4.7;5.22;5H3;CC 11-595;CAÑA;10/02/2024;2/04/2026;3;599;128;343;Walter Hernando Bermudez Vargas;Andres Mesa;17/04/2027;RIOP;4.279067,-76.149645
3110-080;2; NORMANDIA;3.42;8.77;5H3;CC 11-0132;CAÑA;23/11/2023;15/12/2025;3;480;140;449;Walter Hernando Bermudez Vargas;Andres Mesa;15/12/2026;RIOP;4.278084,-76.147154
3110-081;2; NORMANDIA;5.21;8.18;5H3;CC 11-0132;CAÑA;18/01/2024;2/01/2026;3;719;138;719;Walter Hernando Bermudez Vargas;Andres Mesa;19/03/2027;RIOP;4.278547,-76.149008
3110-082;2; NORMANDIA;3.3;8.67;5H3;CC 11-0132;CAÑA;25/11/2023;18/12/2025;3;454;138;434;Walter Hernando Bermudez Vargas;Andres Mesa;18/12/2026;RIOP;4.282180,-76.153148
3110-090;2; NORMANDIA;6.79;9.26;10H2;CC 01-1940;CAÑA;6/09/2018;30/11/2025;8;866;128;790;Walter Hernando Bermudez Vargas;Andres Mesa;30/11/2026;RIOP;4.276520,-76.151192
3110-091;2; NORMANDIA;10.98;9.30;10H2;CC 01-1940;CAÑA;22/03/2014;29/11/2025;12;1400;128;1223;Walter Hernando Bermudez Vargas;Andres Mesa;29/11/2026;RIOP;4.277017,-76.150241
3110-092;2; NORMANDIA;3.63;8.67;10H2;CC 01-1940;CAÑA;11/08/2016;18/12/2025;10;481;133;423;Walter Hernando Bermudez Vargas;Andres Mesa;18/12/2026;RIOP;4.301899,-76.155929
3110-100;2; NORMANDIA;11.73;1.41;5H3;CC 05-430;CAÑA;31/05/2024;27/07/2026;3;1496;128;1408;Walter Hernando Bermudez Vargas;Andres Mesa;27/07/2027;RIOP;4.303326,-76.158300
3110-110;2; NORMANDIA;14.92;5.85;5H3;CC 11-0129;CAÑA;14/03/2026;16/09/2025;1;1803;121;1803;Walter Hernando Bermudez Vargas;Andres Mesa;14/03/2027;RIOP;4.304612,-76.160554
3110-120;2; NORMANDIA;15.7;12.22;5H3;CC 11-595;CAÑA;18/08/2023;1/09/2025;3;1923;122;1828;Walter Hernando Bermudez Vargas;Andres Mesa;16/09/2026;RIOP;4.304790,-76.163965
3110-130;2; NORMANDIA;1.98;0.95;5H3;CC 01-1940;CAÑA;3/04/2014;10/08/2026;13;262;133;332;Walter Hernando Bermudez Vargas;Andres Mesa;25/08/2027;RIOP;4.306680,-76.166187
3110-140;2; NORMANDIA;16.1;0.30;5H3;CC 05-430;CAÑA;2/09/2023;30/08/2026;4;1972;122;1955;Walter Hernando Bermudez Vargas;Andres Mesa;17/09/2027;RIOP;4.309179,-76.165474
3110-150;2; NORMANDIA;6.06;0.26;5H3;CC 05-430;CAÑA;24/08/2023;31/08/2026;4;742;122;705;Walter Hernando Bermudez Vargas;Andres Mesa;31/08/2027;RIOP;4.307825,-76.168803
3110-151;2; NORMANDIA;11.65;1.25;5H3;CC 11-595;CAÑA;31/05/2022;1/08/2026;5;1428;123;1149;Walter Hernando Bermudez Vargas;Andres Mesa;31/08/2027;RIOP;4.307584,-76.153018
3110-160;2; NORMANDIA;5.98;12.48;5H3;CC 05-430;CAÑA;20/08/2023;24/08/2025;3;763;128;726;Walter Hernando Bermudez Vargas;Andres Mesa;8/09/2026;RIOP;4.307745,-76.154101
3110-161;2; NORMANDIA;5.58;1.08;5H3;CC 11-595;CAÑA;15/07/2021;6/08/2026;6;723;130;694;Walter Hernando Bermudez Vargas;Andres Mesa;21/08/2027;RIOP;4.305928,-76.153677
3110-162;2; NORMANDIA;5.97;1.45;5H3;CC 11-595;CAÑA;20/05/2022;26/07/2026;5;791;133;716;Walter Hernando Bermudez Vargas;Andres Mesa;10/08/2027;RIOP;4.308226,-76.156281
3110-170;2; NORMANDIA;11.71;10.97;5H3;CC 01-1940;CAÑA;28/02/2012;9/10/2025;14;1434;122;1305;Walter Hernando Bermudez Vargas;Andres Mesa;9/10/2026;RIOP;4.309592,-76.158429
3110-180;2; NORMANDIA;9.64;0.26;5H3;CC 05-430;CAÑA;23/08/2023;31/08/2026;4;1229;128;1122;Walter Hernando Bermudez Vargas;Andres Mesa;31/08/2027;RIOP;4.312315,-76.160333
3110-190;2; NORMANDIA;16.33;1.28;5H3;CC 05-430;CAÑA;28/02/2024;31/07/2026;3;2000;122;1878;Walter Hernando Bermudez Vargas;Andres Mesa;31/07/2027;RIOP;4.311613,-76.164599
3110-200;2; NORMANDIA;17.24;1.74;5H3;FEDEARROZ 60;ARROZ;17/07/2026;31/12/2025;1;147;9;147;Walter Hernando Bermudez Vargas;Andres Mesa;16/12/2026;RIOP;4.313800,-76.162849
3110-210;2; NORMANDIA;22.26;11.79;5H3;CC 05-430;CAÑA;14/09/2024;14/09/2025;2;2838;128;2814;Walter Hernando Bermudez Vargas;Andres Mesa;14/09/2026;RIOP;4.313649,-76.165686
3110-220;2; NORMANDIA;16.56;8.87;5H3;CC 05-430;CAÑA;12/10/2024;12/12/2025;2;2112;128;2011;Walter Hernando Bermudez Vargas;Andres Mesa;12/12/2026;RIOP;4.315352,-76.167708
3110-240;2; NORMANDIA;16.17;1.41;5H3;VARIAS;CAÑA;27/06/2024;27/07/2026;3;1140;70;1779;Walter Hernando Bermudez Vargas;Andres Mesa;27/07/2027;RIOP;4.310440,-76.149041
3110-250;2; NORMANDIA;17.38;1.25;5H3;CC 05-430;CAÑA;31/03/2024;1/08/2026;3;2391;138;2041;Walter Hernando Bermudez Vargas;Andres Mesa;31/08/2027;RIOP;4.313193,-76.150819
3110-260;2; NORMANDIA;9.96;3.42;5H3;VARIAS;CAÑA;8/10/2020;27/05/2026;6;1269;127;1269;Walter Hernando Bermudez Vargas;Andres Mesa;25/11/2027;RIOP;4.315861,-76.152620
3110-261;2; NORMANDIA;3.18;3.98;5H3;CC 11-595;CAÑA;14/10/2023;10/05/2026;3;405;128;405;Walter Hernando Bermudez Vargas;Andres Mesa;24/12/2027;RIOP;4.312866,-76.154135
3110-262;2; NORMANDIA;5.95;1.25;5H3;CC 05-430;CAÑA;13/07/2024;1/08/2026;3;789;133;619;Walter Hernando Bermudez Vargas;Andres Mesa;31/08/2027;RIOP;4.317284,-76.151797
3110-270;2; NORMANDIA;19.61;8.71;5H3;CC 12-2120;CAÑA;30/12/2023;17/12/2025;3;2498;127;2440;Walter Hernando Bermudez Vargas;Andres Mesa;17/12/2026;RIOP;4.314688,-76.156253
3110-290;2; NORMANDIA;5.63;5.29;5H3;CC 12-2120;CAÑA;20/04/2023;31/03/2026;4;718;128;718;Walter Hernando Bermudez Vargas;Andres Mesa;31/03/2027;RIOP;4.314983,-76.159149
3110-291;2; NORMANDIA;6.2;1.12;5H3;CC 05-430;CAÑA;29/06/2023;5/08/2026;4;791;128;699;Walter Hernando Bermudez Vargas;Andres Mesa;20/08/2027;RIOP;4.317371,-76.157978
3111-010;2; PERALONSO;16.18;10.61;10H2;CC 05-430;CAÑA;26/09/2024;20/10/2025;2;2063;128;1803;Walter Hernando Bermudez Vargas;Sebastian Rodriguez;20/10/2026;RIOP;4.317393,-76.161075
3111-020;2; PERALONSO;14.83;1.12;10H2;CC 05-430;CAÑA;31/07/2025;5/08/2026;2;2115;143;1454;Walter Hernando Bermudez Vargas;Sebastian Rodriguez;20/08/2027;RIOP;4.315459,-76.162052
3111-030;2; PERALONSO;12.51;2.53;10H3;VARIAS;CAÑA;18/07/2022;23/06/2026;5;1532;122;1251;Walter Hernando Bermudez Vargas;Sebastian Rodriguez;8/07/2027;RIOP;4.317493,-76.164745
3111-040;2; PERALONSO;6.36;1.08;10H3;CC 11-0132;CAÑA;4/08/2025;6/08/2026;2;939;148;643;Walter Hernando Bermudez Vargas;Sebastian Rodriguez;6/08/2027;RIOP;4.318148,-76.154573
3111-050;2; PERALONSO;10.21;10.94;10H3;CC 11-595;CAÑA;29/09/2020;10/10/2025;6;1250;122;1035;Walter Hernando Bermudez Vargas;Sebastian Rodriguez;25/10/2026;RIOP;4.310773,-76.168589
3111-052;2; PERALONSO;2.97;2.30;10H3;CC 16-3205;CAÑA;30/06/2026;4/03/2026;1;322;109;322;Walter Hernando Bermudez Vargas;Sebastian Rodriguez;15/07/2027;RIOP;4.325630,-76.151730
3111-060;2; PERALONSO;9.25;2.50;10H3;CC 13-2035;CAÑA;24/06/2026;12/04/2026;1;1133;122;907;Walter Hernando Bermudez Vargas;Sebastian Rodriguez;24/06/2027;RIOP;4.322765,-76.152965
3111-070;2; PERALONSO;4.13;1.08;5H3;VARIAS;CAÑA;20/07/2022;6/08/2026;5;527;128;473;Walter Hernando Bermudez Vargas;Sebastian Rodriguez;5/09/2027;RIOP;4.330131,-76.151640
3111-071;2; PERALONSO;3.56;12.29;5H3;CC 05-430;CAÑA;16/08/2024;30/08/2025;2;443;124;425;Walter Hernando Bermudez Vargas;Sebastian Rodriguez;17/09/2026;RIOP;4.330602,-76.151462
3111-072;2; PERALONSO;9.26;11.99;5H3;CC 05-430;CAÑA;28/08/2023;8/09/2025;3;1209;131;1217;Walter Hernando Bermudez Vargas;Sebastian Rodriguez;23/09/2026;RIOP;4.332120,-76.154449
3111-080;2; PERALONSO;15.26;5.65;5H3;CC 11-0129;CAÑA;20/03/2026;18/12/2025;1;130;9;1618;Walter Hernando Bermudez Vargas;Sebastian Rodriguez;20/03/2027;RIOP;4.334597,-76.157056
3111-090;2; PERALONSO;12.95;4.47;5H3;FEDEARROZ 60;ARROZ;25/04/2026;13/03/2026;1;1455;112;1455;Walter Hernando Bermudez Vargas;Sebastian Rodriguez;24/09/2026;RIOP;4.333808,-76.150753
3111-100;2; PERALONSO;7.15;6.24;5H3;CC 11-595;CAÑA;20/01/2022;2/03/2026;5;861;120;861;Walter Hernando Bermudez Vargas;Sebastian Rodriguez;1/04/2027;RIOP;4.334544,-76.153788
3111-110;2; PERALONSO;4.78;8.31;5H3;CC 01-1940;CAÑA;30/09/2020;29/12/2025;6;526;110;509;Walter Hernando Bermudez Vargas;Sebastian Rodriguez;29/12/2026;RIOP;4.336184,-76.152961
3111-111;2; PERALONSO;6.26;8.31;5H3;CC 01-1940;CAÑA;17/02/2016;29/12/2025;10;689;110;729;Walter Hernando Bermudez Vargas;Sebastian Rodriguez;29/12/2026;RIOP;4.336549,-76.149956
3111-120;2; PERALONSO;12.99;0.00;10H3;RENOVACION;CAÑA;4/08/2021;21/07/2026;1;1591;122;1429;Walter Hernando Bermudez Vargas;Sebastian Rodriguez;5/08/2027;RIOP;4.336733,-76.156968
3111-121;2; PERALONSO;14.95;10.09;10H3;CC 01-1940;CAÑA;9/11/2016;5/11/2025;10;1906;128;1860;Walter Hernando Bermudez Vargas;Sebastian Rodriguez;20/11/2026;RIOP;4.336924,-76.160971
3111-131;2; PERALONSO;15.03;4.86;10H3;FEDEARROZ 60;ARROZ;13/04/2026;2/01/2026;1;1841;122;1841;Walter Hernando Bermudez Vargas;Sebastian Rodriguez;12/09/2026;RIOP;4.334821,-76.161226
3111-132;2; PERALONSO;20.42;6.21;10H3;CC 01-1940;CAÑA;14/02/2022;3/03/2026;5;2542;124;2542;Walter Hernando Bermudez Vargas;Sebastian Rodriguez;18/03/2027;RIOP;4.332647,-76.161241
3111-140;2; PERALONSO;10.87;4.96;1H1;CC 13-2035;CAÑA;22/03/2025;10/04/2026;2;1550;143;1373;Walter Hernando Bermudez Vargas;Sebastian Rodriguez;10/05/2027;RIOP;4.321136,-76.164560
3111-141;2; PERALONSO;10.22;12.25;10H3;CC 13-2035;CAÑA;31/08/2025;19/07/2025;1;1406;138;1292;Walter Hernando Bermudez Vargas;Sebastian Rodriguez;18/09/2026;RIOP;4.318627,-76.167077
3111-142;2; PERALONSO;2.72;4.93;10H3;CC 13-2035;CAÑA;24/03/2025;11/04/2026;2;388;143;22;Walter Hernando Bermudez Vargas;Sebastian Rodriguez;11/05/2027;RIOP;4.314605,-76.169873
3111-150;2; PERALONSO;16.75;11.86;14H2;CC 05-430;CAÑA;12/09/2024;12/09/2025;2;2136;128;1866;Walter Hernando Bermudez Vargas;Sebastian Rodriguez;27/09/2026;RIOP;4.317033,-76.169611
3111-160;2; PERALONSO;10.76;11.93;14H1;CC 11-0129;CAÑA;7/09/2024;10/09/2025;2;1398;130;1306;Walter Hernando Bermudez Vargas;Sebastian Rodriguez;10/09/2026;RIOP;4.309283,-76.171021
3111-161;2; PERALONSO;5.61;11.89;14H2;CC 15-2350;CAÑA;5/09/2024;11/09/2025;2;724;129;653;Walter Hernando Bermudez Vargas;Sebastian Rodriguez;11/09/2026;RIOP;4.332690,-76.157957
3111-170;2; PERALONSO;9.38;3.19;14H1;CC 05-430;CAÑA;18/05/2024;3/06/2026;3;1291;138;1291;Walter Hernando Bermudez Vargas;Sebastian Rodriguez;3/06/2027;RIOP;4.330737,-76.158792
3111-171;2; PERALONSO;3.98;7.29;14H1;CC 85-92;CAÑA;16/07/2011;29/01/2026;15;520;131;520;Walter Hernando Bermudez Vargas;Sebastian Rodriguez;30/04/2027;RIOP;4.330298,-76.159705
3111-180;2; PERALONSO;8.24;10.32;14H1;CC 01-1940;CAÑA;5/07/2018;29/10/2025;8;1026;124;877;Walter Hernando Bermudez Vargas;Sebastian Rodriguez;29/10/2026;RIOP;4.328642,-76.159950
3111-190;2; PERALONSO;6.93;11.86;10H3;CC 05-430;CAÑA;30/08/2023;12/09/2025;3;884;128;841;Walter Hernando Bermudez Vargas;Sebastian Rodriguez;12/09/2026;RIOP;4.331427,-76.160829
3111-200;2; PERALONSO;12.44;11.79;10H3;CC 01-1940;CAÑA;13/08/2018;14/09/2025;8;1550;125;1324;Walter Hernando Bermudez Vargas;Sebastian Rodriguez;23/09/2026;RIOP;4.328129,-76.161051
3111-210;2; PERALONSO;5.34;1.81;10H3;CC 05-430;CAÑA;23/07/2024;15/07/2026;3;681;128;641;Walter Hernando Bermudez Vargas;Sebastian Rodriguez;30/07/2027;RIOP;4.323443,-76.162769
3111-220;2; PERALONSO;9;0.43;14H1;CC 05-430;CAÑA;13/08/2024;26/08/2026;3;1084;120;881;Walter Hernando Bermudez Vargas;Sebastian Rodriguez;26/08/2027;RIOP;4.320064,-76.159345
3111-240;2; PERALONSO;11.87;3.61;10H3;CC 11-595;CAÑA;9/05/2023;21/05/2026;4;1394;117;1394;Walter Hernando Bermudez Vargas;Sebastian Rodriguez;5/07/2027;RIOP;4.318987,-76.157116
3111-241;2; PERALONSO;4.44;3.61;10H3;CC 05-430;CAÑA;29/04/2023;21/05/2026;4;535;120;535;Walter Hernando Bermudez Vargas;Sebastian Rodriguez;5/07/2027;RIOP;0
3111-250;2; PERALONSO;5.8;3.25;14H1;CC 05-430;CAÑA;11/05/2024;1/06/2026;3;798;138;798;Walter Hernando Bermudez Vargas;Sebastian Rodriguez;16/06/2027;RIOP;4.322133,-76.156641
3111-260;2; PERALONSO;8.35;9.56;23H0;CC 10-450;CAÑA;27/11/2019;21/11/2025;7;985;118;1039;Walter Hernando Bermudez Vargas;Sebastian Rodriguez;21/11/2026;RIOP;0
3111-270;2; PERALONSO;12.52;13.01;14H1;CC 05-430;CAÑA;10/08/2024;8/08/2025;2;1634;131;1395;Walter Hernando Bermudez Vargas;Sebastian Rodriguez;7/09/2026;RIOP;4.319904,-76.154577
3111-280;2; PERALONSO;9.22;1.71;14H1;VARIAS;CAÑA;20/07/2024;18/07/2026;3;650;70;1106;Walter Hernando Bermudez Vargas;Sebastian Rodriguez;18/07/2027;RIOP;4.321428,-76.161272
3111-281;2; PERALONSO;2.89;1.84;14H1;CC 05-430;CAÑA;13/05/2024;14/07/2026;3;377;131;303;Walter Hernando Bermudez Vargas;Sebastian Rodriguez;28/08/2027;RIOP;4.323608,-76.153126
3111-290;2; PERALONSO;3.09;10.58;14H1;VARIAS;CAÑA;23/10/2020;21/10/2025;6;410;133;384;Walter Hernando Bermudez Vargas;Sebastian Rodriguez;21/10/2026;RIOP;4.324697,-76.155317
3111-300;2; PERALONSO;5.56;2.76;23H0;CC 11-595;CAÑA;20/05/2020;16/06/2026;7;737;133;737;Walter Hernando Bermudez Vargas;Sebastian Rodriguez;1/07/2027;RIOP;4.327382,-76.154355
3111-310;2; PERALONSO;11.97;12.02;14H1;CC 01-1940;CAÑA;1/08/2018;7/09/2025;8;1526;128;1453;Walter Hernando Bermudez Vargas;Sebastian Rodriguez;7/09/2026;RIOP;4.326975,-76.155241
3111-320;2; PERALONSO;11.08;9.86;14H1;CC 01-1940;CAÑA;11/09/2018;12/11/2025;8;1446;131;1345;Walter Hernando Bermudez Vargas;Sebastian Rodriguez;12/11/2026;RIOP;4.330108,-76.156078
3111-330;2; PERALONSO;5.34;12.02;14H1;CC 01-1940;CAÑA;31/10/2014;7/09/2025;12;697;131;648;Walter Hernando Bermudez Vargas;Sebastian Rodriguez;22/09/2026;RIOP;4.326327,-76.158050
3111-350;2; PERALONSO;3.93;10.61;14H1;CC 01-1940;CAÑA;17/12/2015;20/10/2025;10;513;131;457;Walter Hernando Bermudez Vargas;Sebastian Rodriguez;20/10/2026;RIOP;4.315688,-76.171171
3111-360;2; PERALONSO;5.33;2.83;14H1;VARIAS;CAÑA;18/10/2020;14/06/2026;6;733;138;733;Walter Hernando Bermudez Vargas;Sebastian Rodriguez;29/06/2027;RIOP;4.308900,-76.161481
3111-370;2; PERALONSO;8.07;9.43;14H1;CC 11-600;CAÑA;23/11/2019;25/11/2025;7;907;112;738;Walter Hernando Bermudez Vargas;Sebastian Rodriguez;22/11/2026;RIOP;4.258505,-76.140879
3111-372;2; PERALONSO;3.17;2.53;14H1;CC 04-195;CAÑA;3/04/2019;23/06/2026;8;414;131;414;Walter Hernando Bermudez Vargas;Sebastian Rodriguez;23/06/2027;RIOP;4.263579,-76.141175
3111-380;2; PERALONSO;4.46;3.29;14H1;CC 05-430;CAÑA;20/07/2023;31/05/2026;4;582;131;582;Walter Hernando Bermudez Vargas;Sebastian Rodriguez;15/06/2027;RIOP;4.260792,-76.143719
3111-390;2; PERALONSO;5.92;12.25;14H1;CC 01-1940;CAÑA;13/06/2016;31/08/2025;10;755;128;748;Walter Hernando Bermudez Vargas;Sebastian Rodriguez;18/09/2026;RIOP;4.265811,-76.142705
3111-400;2; PERALONSO;4.17;2.56;14H1;VARIAS;CAÑA;24/06/2024;22/06/2026;3;294;70;294;Walter Hernando Bermudez Vargas;Sebastian Rodriguez;22/06/2027;RIOP;4.262547,-76.144815
3111-401;2; PERALONSO;2.14;3.25;14H1;CC 05-430;CAÑA;31/05/2022;1/06/2026;5;273;128;273;Walter Hernando Bermudez Vargas;Sebastian Rodriguez;16/06/2027;RIOP;4.266036,-76.145804
3111-410;2; PERALONSO;3.88;2.50;14H1;CC 11-0129;CAÑA;31/07/2023;24/06/2026;4;514;133;514;Walter Hernando Bermudez Vargas;Sebastian Rodriguez;24/06/2027;RIOP;4.267684,-76.143972
3111-411;2; PERALONSO;1.82;10.38;14H1;CC 04-195;CAÑA;5/08/2021;27/10/2025;5;238;131;212;Walter Hernando Bermudez Vargas;Sebastian Rodriguez;27/10/2026;RIOP;4.268948,-76.147204
3111-420;2; PERALONSO;7.65;9.53;14H1;CC 01-1940;CAÑA;25/10/2018;22/11/2025;8;895;117;891;Walter Hernando Bermudez Vargas;Sebastian Rodriguez;22/11/2026;RIOP;4.272790,-76.149491
3111-421;2; PERALONSO;2.35;10.51;14H1;CC 05-430;CAÑA;2/10/2020;23/10/2025;6;311;133;297;Walter Hernando Bermudez Vargas;Sebastian Rodriguez;23/10/2026;RIOP;4.271540,-76.148253
3111-430;2; PERALONSO;4.96;9.23;14H1;CC 05-430;CAÑA;4/12/2024;1/12/2025;3;607;122;553;Walter Hernando Bermudez Vargas;Sebastian Rodriguez;1/12/2026;RIOP;4.262579,-76.137714
3111-431;2; PERALONSO;6.37;11.86;10H3;CC 05-430;CAÑA;14/09/2024;12/09/2025;2;844;133;710;Walter Hernando Bermudez Vargas;Sebastian Rodriguez;27/09/2026;RIOP;4.265435,-76.134405
3111-433;2; PERALONSO;3.35;11.30;14H1;CC 13-2035;CAÑA;5/12/2024;29/09/2025;2;444;133;356;Walter Hernando Bermudez Vargas;Sebastian Rodriguez;14/10/2026;RIOP;4.267505,-76.136458
3111-440;2; PERALONSO;4.57;9.26;10H3;CC 05-430;CAÑA;7/12/2024;30/11/2025;2;538;118;509;Walter Hernando Bermudez Vargas;Sebastian Rodriguez;30/11/2026;RIOP;4.268505,-76.138119
3111-442;2; PERALONSO;6.5;11.89;10H3;CC 13-2035;CAÑA;6/12/2024;11/09/2025;2;829;128;724;Walter Hernando Bermudez Vargas;Sebastian Rodriguez;26/09/2026;RIOP;4.272203,-76.138527
3111-450;2; PERALONSO;8.57;6.14;10H3;CC 11-0129;CAÑA;19/02/2024;5/03/2026;3;1093;128;1093;Walter Hernando Bermudez Vargas;Sebastian Rodriguez;20/03/2027;RIOP;4.268616,-76.140156
3111-460;2; PERALONSO;20.98;10.28;14H1;CC 01-1940;CAÑA;22/09/2018;30/10/2025;8;2569;122;2442;Walter Hernando Bermudez Vargas;Sebastian Rodriguez;30/10/2026;RIOP;4.270228,-76.140638
3111-480;2; PERALONSO;4.02;2.79;10H3;CC 05-430;CAÑA;8/06/2024;15/06/2026;3;533;133;533;Walter Hernando Bermudez Vargas;Sebastian Rodriguez;30/06/2027;RIOP;4.272412,-76.141903
3111-490;2; PERALONSO;8.85;5.55;10H3;CC 85-92;CAÑA;14/03/2011;23/03/2026;15;1155;131;1155;Walter Hernando Bermudez Vargas;Sebastian Rodriguez;7/04/2027;RIOP;4.275345,-76.140265
3111-491;2; PERALONSO;1.32;0.62;10H3;CC 85-92;CAÑA;3/09/2011;20/08/2026;15;175;133;192;Walter Hernando Bermudez Vargas;Sebastian Rodriguez;20/08/2027;RIOP;4.274493,-76.143480
3111-492;2; PERALONSO;1.19;0.43;14H1;CC 01-1940;CAÑA;1/11/2012;26/08/2026;13;128;107;103;Walter Hernando Bermudez Vargas;Sebastian Rodriguez;10/09/2027;RIOP;4.275834,-76.145274
3111-500;2; PERALONSO;8.96;2.53;14H1;CC 05-430;CAÑA;31/07/2023;23/06/2026;4;1188;133;1188;Walter Hernando Bermudez Vargas;Sebastian Rodriguez;23/06/2027;RIOP;4.275321,-76.147240
3111-501;2; PERALONSO;18.73;9.56;14H1;CC 01-1940;CAÑA;22/10/2014;21/11/2025;12;2060;110;2180;Walter Hernando Bermudez Vargas;Sebastian Rodriguez;6/12/2026;RIOP;4.277774,-76.141021
3111-510;2; PERALONSO;5.93;2.79;14H1;CC 05-430;CAÑA;17/06/2023;15/06/2026;4;774;131;774;Walter Hernando Bermudez Vargas;Sebastian Rodriguez;30/06/2027;RIOP;4.269627,-76.131622
3111-520;2; PERALONSO;14.47;11.83;5H3;CC 13-2035;CAÑA;13/09/2025;26/12/2024;1;1838;127;1902;Walter Hernando Bermudez Vargas;Sebastian Rodriguez;13/09/2026;RIOP;4.272341,-76.129825
3113-040;2; SAN NICOLAS;18.49;10.51;11H1;CC 04-195;CAÑA;25/09/2022;23/10/2025;2;2358;128;2152;Walter Hernando Bermudez Vargas;Alberto Vasquez;23/10/2026;RIOP;4.272587,-76.132352
3113-050;2; SAN NICOLAS;18.63;12.35;11H1;CC 05-430;CAÑA;30/08/2024;28/08/2025;2;2376;128;2169;Walter Hernando Bermudez Vargas;Alberto Vasquez;12/09/2026;RIOP;4.272941,-76.134910
3113-053;2; SAN NICOLAS;4.59;1.84;11H1;CC 05-430;CAÑA;29/06/2023;14/07/2026;4;585;128;505;Walter Hernando Bermudez Vargas;Alberto Vasquez;29/07/2027;RIOP;4.275556,-76.133144
3113-060;2; SAN NICOLAS;13.65;10.25;11H1;CC 11-0129;SEMILLA;31/10/2025;23/06/2025;1;1947;143;1775;Walter Hernando Bermudez Vargas;Alberto Vasquez;15/09/2026;RIOP;4.277369,-76.134994
3113-061;2; SAN NICOLAS;13.73;9.63;11H1;CC 05-430;CAÑA;28/11/2023;19/11/2025;3;1751;128;1598;Walter Hernando Bermudez Vargas;Alberto Vasquez;16/11/2026;RIOP;4.277567,-76.137328
3113-070;2; SAN NICOLAS;15.17;2.30;11H1;VARIAS;CAÑA;30/06/2026;9/09/2025;1;1858;122;1858;Walter Hernando Bermudez Vargas;Alberto Vasquez;30/06/2027;RIOP;4.277990,-76.138894
3113-071;2; SAN NICOLAS;4.75;11.96;11H1;CC 01-1940;CAÑA;6/07/2015;9/09/2025;12;606;128;529;Walter Hernando Bermudez Vargas;Alberto Vasquez;9/10/2026;RIOP;0
3113-080;2; SAN NICOLAS;17.84;8.67;5H3;CC 05-430;SEMILLA;21/10/2024;18/12/2025;2;2275;128;2259;Walter Hernando Bermudez Vargas;Alberto Vasquez;18/10/2026;RIOP;4.279577,-76.137460
3113-090;2; SAN NICOLAS;8.81;3.71;5H3;CC 05-430;CAÑA;29/02/2024;18/05/2026;3;1123;128;1123;Walter Hernando Bermudez Vargas;Alberto Vasquez;17/08/2027;RIOP;4.266954,-76.111711
3113-091;2; SAN NICOLAS;11.25;3.68;5H3;CC 05-430;CAÑA;29/02/2024;19/05/2026;3;1355;120;1355;Walter Hernando Bermudez Vargas;Alberto Vasquez;18/08/2027;RIOP;4.265536,-76.112635
3113-100;2; SAN NICOLAS;15.59;2.46;11H1;CC 11-595;CAÑA;15/07/2021;25/06/2026;6;1941;124;1941;Walter Hernando Bermudez Vargas;Alberto Vasquez;25/06/2027;RIOP;4.270573,-76.115177
3113-110;2; SAN NICOLAS;15.24;0.36;5H3;CC 16-3205;CAÑA;28/08/2026;14/01/2026;1;1841;121;1841;Walter Hernando Bermudez Vargas;Alberto Vasquez;28/08/2027;RIOP;4.273914,-76.118338
3113-120;2; SAN NICOLAS;15.8;1.48;5H3;CC 11-595;CAÑA;25/05/2022;25/07/2026;5;1999;127;1817;Walter Hernando Bermudez Vargas;Alberto Vasquez;9/08/2027;RIOP;4.276891,-76.121308
3113-130;2; SAN NICOLAS;13.93;9.82;5H3;CC 13-2035;CAÑA;13/11/2025;7/07/2025;1;1917;138;1831;Walter Hernando Bermudez Vargas;Alberto Vasquez;13/11/2026;RIOP;4.276291,-76.120111
3113-140;2; SAN NICOLAS;7.53;9.66;5H3;CC 13-2035;CAÑA;18/11/2025;4/08/2025;1;1036;138;990;Walter Hernando Bermudez Vargas;Alberto Vasquez;3/12/2026;RIOP;4.277939,-76.122943
3113-150;2; SAN NICOLAS;3.06;12.32;5H3;CC 05-430;CAÑA;17/08/2024;29/08/2025;2;406;133;372;Walter Hernando Bermudez Vargas;Alberto Vasquez;16/09/2026;RIOP;4.279828,-76.124745
3113-151;2; SAN NICOLAS;6.03;2.43;5H3;CC 11-595;CAÑA;13/06/2022;26/06/2026;5;726;120;726;Walter Hernando Bermudez Vargas;Alberto Vasquez;5/07/2027;RIOP;4.281527,-76.126510
3113-160;2; SAN NICOLAS;14.37;11.63;5H3;CC 85-92;CAÑA;19/09/2025;19/06/2025;1;1977;138;1745;Walter Hernando Bermudez Vargas;Alberto Vasquez;19/09/2026;RIOP;4.282726,-76.127798
3113-161;2; SAN NICOLAS;5.05;8.25;5H3;CC 85-92;CAÑA;28/08/2023;31/12/2025;3;593;117;588;Walter Hernando Bermudez Vargas;Alberto Vasquez;31/12/2026;RIOP;4.283487,-76.128584
3113-170;2; SAN NICOLAS;17.62;11.93;5H3;VARIAS;CAÑA;30/09/2023;10/09/2025;3;2158;122;2104;Walter Hernando Bermudez Vargas;Alberto Vasquez;25/09/2026;RIOP;4.283540,-76.129975
3113-180;2; SAN NICOLAS;8.69;4.86;5H3;CC 13-2035;CAÑA;5/04/2025;13/04/2026;2;1240;143;1240;Walter Hernando Bermudez Vargas;Alberto Vasquez;13/04/2027;RIOP;4.267326,-76.115286
3113-181;2; SAN NICOLAS;1.41;12.29;5H3;CC 11-595;CAÑA;20/11/2019;30/08/2025;6;151;107;143;Walter Hernando Bermudez Vargas;Alberto Vasquez;17/09/2026;RIOP;4.269107,-76.117171
3113-190;2; SAN NICOLAS;6.07;0.69;5H3;CC 13-2035;CAÑA;24/07/2025;18/08/2026;2;835;138;803;Walter Hernando Bermudez Vargas;Alberto Vasquez;17/09/2027;RIOP;4.272054,-76.119537
3113-200;2; SAN NICOLAS;9.89;1.64;7H0;CC 13-2035;CAÑA;3/07/2024;20/07/2026;3;1311;133;1137;Walter Hernando Bermudez Vargas;Alberto Vasquez;4/08/2027;RIOP;4.270989,-76.118463
3113-201;2; SAN NICOLAS;5.9;1.48;7H0;CC 05-430;CAÑA;19/07/2025;25/07/2026;2;842;143;738;Walter Hernando Bermudez Vargas;Alberto Vasquez;31/07/2027;RIOP;4.273966,-76.121912
3113-210;2; SAN NICOLAS;16.53;9.07;7H1;CC 01-1940;CAÑA;23/11/2021;6/12/2025;5;1991;120;1759;Walter Hernando Bermudez Vargas;Alberto Vasquez;6/12/2026;RIOP;4.258414,-76.112343
3113-220;2; SAN NICOLAS;10.37;11.83;5H3;CC 11-595;CAÑA;3/09/2021;13/09/2025;5;1291;124;1280;Walter Hernando Bermudez Vargas;Alberto Vasquez;28/09/2026;RIOP;4.257022,-76.111104
3113-221;2; SAN NICOLAS;4.16;8.77;1H2;CC 84-75;CAÑA;13/04/2007;15/12/2025;19;598;144;484;Walter Hernando Bermudez Vargas;Alberto Vasquez;15/12/2026;RIOP;4.256154,-76.108444
3113-230;2; SAN NICOLAS;18.03;1.68;5H3;CC 11-595;CAÑA;22/03/2024;19/07/2026;3;2208;122;1983;Walter Hernando Bermudez Vargas;Alberto Vasquez;3/08/2027;RIOP;4.286686,-76.132077
3113-240;2; SAN NICOLAS;6.04;1.64;5H3;CC 01-1940;CAÑA;20/07/2024;20/07/2026;3;407;67;695;Walter Hernando Bermudez Vargas;Alberto Vasquez;20/07/2027;RIOP;4.288072,-76.135190
3113-241;2; SAN NICOLAS;3.98;0.85;5H3;CC 13-2250;CAÑA;29/07/2024;13/08/2026;3;495;124;353;Walter Hernando Bermudez Vargas;Alberto Vasquez;28/08/2027;RIOP;4.288375,-76.133653
3113-242;2; SAN NICOLAS;2.35;1.68;5H3;CC 11-595;CAÑA;31/03/2024;19/07/2026;3;288;122;259;Walter Hernando Bermudez Vargas;Alberto Vasquez;3/08/2027;RIOP;4.299254,-76.129794
3113-243;2; SAN NICOLAS;2.68;0.85;5H3;CC 92-2198;CAÑA;29/08/2011;13/08/2026;14;288;107;213;Walter Hernando Bermudez Vargas;Alberto Vasquez;28/08/2027;RIOP;4.300024,-76.130906
3121-031;2; MORILLO;0.77;10.25;1H1;CC 01-1940;CAÑA;2/11/2017;31/10/2025;9;53;69;78;Walter Hernando Bermudez Vargas;Andres Mesa;31/10/2026;RIOP;4.289797,-76.136944
3121-040;2; MORILLO;8.45;2.07;1H1;VARIAS;CAÑA;31/07/2022;7/07/2026;5;1103;131;752;Walter Hernando Bermudez Vargas;Andres Mesa;22/07/2027;RIOP;4.301272,-76.132533
3121-150;2; MORILLO;5.55;10.09;6H1;CC 99-2282;CAÑA;10/09/2024;5/11/2025;2;391;70;646;Walter Hernando Bermudez Vargas;Andres Mesa;5/11/2026;RIOP;4.292370,-76.138415
3121-180;2; MORILLO;2.46;2.60;22H0;CC 99-2282;CAÑA;13/07/2023;21/06/2026;4;314;128;314;Walter Hernando Bermudez Vargas;Andres Mesa;21/06/2027;RIOP;4.303451,-76.134685
3121-190;2; MORILLO;5.59;4.83;7H0;SP 71-6949;CAÑA;2/02/2017;14/04/2026;10;724;130;643;Walter Hernando Bermudez Vargas;Andres Mesa;29/04/2027;RIOP;4.294411,-76.140088
3121-191;2; MORILLO;3.74;2.60;7H0;CC 99-2282;CAÑA;13/07/2023;21/06/2026;4;496;133;496;Walter Hernando Bermudez Vargas;Andres Mesa;21/06/2027;RIOP;4.304786,-76.136766
3121-200;2; MORILLO;13.15;2.23;7H0;CC 01-1940;CAÑA;17/07/2019;2/07/2026;8;1611;122;1053;Walter Hernando Bermudez Vargas;Andres Mesa;17/07/2027;RIOP;4.305476,-76.139114
3121-210;2; MORILLO;13.5;10.35;7H0;CC 01-1940;CAÑA;29/04/2016;28/10/2025;10;1721;128;1504;Walter Hernando Bermudez Vargas;Andres Mesa;28/10/2026;RIOP;4.307146,-76.139167
3121-220;2; MORILLO;13.47;8.25;7H0;CC 05-430;CAÑA;12/11/2024;31/12/2025;2;1785;133;1676;Walter Hernando Bermudez Vargas;Andres Mesa;31/12/2026;RIOP;4.308859,-76.140767
3121-230;2; MORILLO;6.29;9.20;5H3;CC 05-430;CAÑA;16/09/2023;2/12/2025;3;802;128;805;Walter Hernando Bermudez Vargas;Andres Mesa;2/12/2026;RIOP;4.310451,-76.142967
3121-231;2; MORILLO;6.44;12.71;5H3;CC 01-1940;CAÑA;9/02/2017;17/08/2025;9;821;128;782;Walter Hernando Bermudez Vargas;Andres Mesa;16/09/2026;RIOP;4.307947,-76.143753
3121-240;2; MORILLO;5.08;11.37;5H3;CC 11-0132;CAÑA;27/09/2025;18/08/2025;1;725;143;668;Walter Hernando Bermudez Vargas;Andres Mesa;12/10/2026;RIOP;4.306243,-76.141644
3121-250;2; MORILLO;8.63;2.23;6H1;CC 11-600;CAÑA;16/03/2020;2/07/2026;7;1057;122;789;Walter Hernando Bermudez Vargas;Andres Mesa;16/08/2027;RIOP;4.285495,-76.129837
3121-260;2; MORILLO;8.9;8.51;6H1;CC 14-3296;CAÑA;11/12/2024;23/12/2025;2;1048;118;1036;Walter Hernando Bermudez Vargas;Andres Mesa;23/12/2026;RIOP;4.281317,-76.169316
3121-270;2; MORILLO;5.27;8.31;6H1;CC 14-3296;CAÑA;14/12/2024;29/12/2025;2;620;118;656;Walter Hernando Bermudez Vargas;Andres Mesa;29/12/2026;RIOP;4.282988,-76.167735
3121-271;2; MORILLO;5.6;1.71;6H1;CC 05-430;CAÑA;15/07/2023;18/07/2026;4;714;128;616;Walter Hernando Bermudez Vargas;Andres Mesa;2/08/2027;RIOP;4.285676,-76.171714
3121-280;2; MORILLO;9.13;10.35;7H0;CC 01-1940;CAÑA;23/08/2018;28/10/2025;8;1118;122;1063;Walter Hernando Bermudez Vargas;Andres Mesa;28/10/2026;RIOP;4.285177,-76.169809
3121-600;2; MORILLO;1.5;8.67;1H1;CC 05-430;CAÑA;24/12/2022;18/12/2025;4;169;112;175;Walter Hernando Bermudez Vargas;Andres Mesa;18/12/2026;RIOP;4.283638,-76.171737
3121-610;2; MORILLO;10.03;8.31;6H1;CC 05-430;CAÑA;31/12/2022;29/12/2025;4;1178;117;1168;Walter Hernando Bermudez Vargas;Andres Mesa;29/12/2026;RIOP;4.288181,-76.172064
3121-620;2; MORILLO;9.84;8.74;6H1;VARIAS;CAÑA;10/01/2023;16/12/2025;4;1062;108;1145;Walter Hernando Bermudez Vargas;Andres Mesa;16/12/2026;RIOP;4.303937,-76.168114
3122-050;2; VENECIA;16.83;4.93;5H3;CC 11-0129;CAÑA;11/04/2026;27/08/2025;1;2253;134;2253;Walter Hernando Bermudez Vargas;Freddy Reyes;26/04/2027;RIOP;4.301486,-76.164675
3122-100;2; VENECIA;8.58;8.31;5H3;CC 01-1940;CAÑA;28/09/2024;29/12/2025;2;605;70;617;Walter Hernando Bermudez Vargas;Freddy Reyes;29/12/2026;RIOP;4.302443,-76.163490
3122-101;2; VENECIA;6.65;8.51;5H3;CC 01-1940;CAÑA;26/09/2024;23/12/2025;2;848;128;851;Walter Hernando Bermudez Vargas;Freddy Reyes;23/12/2026;RIOP;4.299680,-76.164098
3122-130;2; VENECIA;8.5;11.70;5H3;CC 13-2035;CAÑA;17/09/2025;29/01/2025;1;1212;143;1159;Walter Hernando Bermudez Vargas;Freddy Reyes;17/09/2026;RIOP;4.299767,-76.158719
3122-131;2; VENECIA;8.4;3.35;5H3;CC 11-595;CAÑA;15/03/2024;29/05/2026;3;1046;124;1046;Walter Hernando Bermudez Vargas;Freddy Reyes;28/08/2027;RIOP;4.298403,-76.159250
3122-150;2; VENECIA;13.49;5.45;5H3;CC 01-1940;CAÑA;26/03/2026;18/09/2025;1;1625;120;1625;Walter Hernando Bermudez Vargas;Freddy Reyes;26/03/2027;RIOP;4.297301,-76.154557
3122-180;2; VENECIA;15.09;11.40;5H3;CC 13-2035;CAÑA;26/09/2025;17/02/2025;1;2152;143;2058;Walter Hernando Bermudez Vargas;Freddy Reyes;11/10/2026;RIOP;4.295510,-76.156429
3122-200;2; VENECIA;10.15;8.31;5H3;CC 11-0132;CAÑA;17/01/2024;29/12/2025;3;1243;122;1263;Walter Hernando Bermudez Vargas;Freddy Reyes;29/12/2026;RIOP;4.296403,-76.155537
3122-230;2; VENECIA;16.07;11.50;5H3;CC 11-595;CAÑA;27/05/2020;23/09/2025;6;1887;117;1983;Walter Hernando Bermudez Vargas;Freddy Reyes;23/09/2026;RIOP;4.295028,-76.153442
3122-250;2; VENECIA;6.25;0.43;5H3;CC 01-1940;CAÑA;44260;46260;6;753;120;659;Walter Hernando Bermudez Vargas;Freddy Reyes;46640.46875;RIOP;
3122-280;2; VENECIA;15.67;11.76;10H3;CC 11-595;CAÑA;44834;45915;4;1998;128;1824;Walter Hernando Bermudez Vargas;Freddy Reyes;46280.25;RIOP;
3122-320;2; VENECIA;10.29;8.64;5H3;VARIAS;CAÑA;42791;46010;9;1177;114;1198;Walter Hernando Bermudez Vargas;Freddy Reyes;46375.25;RIOP;
3122-321;2; VENECIA;5.51;2.92;5H3;CC 85-92;CAÑA;46184;46104;1;630;114;630;Walter Hernando Bermudez Vargas;Freddy Reyes;46640.5625;RIOP;
3122-360;2; VENECIA;8.91;8.67;5H3;CC 01-1940;CAÑA;43181;46009;8;1091;122;1144;Walter Hernando Bermudez Vargas;Freddy Reyes;46374.25;RIOP;
3122-361;2; VENECIA;7.88;8.28;10H3;VARIAS;CAÑA;46021;45901;1;965;122;1012;Walter Hernando Bermudez Vargas;Freddy Reyes;46386.25;RIOP;
3122-370;2; VENECIA;10.55;8.54;5H3;CC 01-1940;CAÑA;42021;46013;10;1271;120;1355;Walter Hernando Bermudez Vargas;Freddy Reyes;46378.25;RIOP;
3122-371;2; VENECIA;3.78;8.64;5H3;CC 05-430;CAÑA;45552;46010;2;539;143;541;Walter Hernando Bermudez Vargas;Freddy Reyes;46375.25;RIOP;
3122-450;2; VENECIA;10.76;12.71;5H3;CC 11-595;CAÑA;44820;45886;4;1263;117;1253;Walter Hernando Bermudez Vargas;Freddy Reyes;46266.46875;RIOP;
3425-010;2; TEQUENDAMA;20.53;9.30;14H1;CC 05-430;CAÑA;45282;45990;3;2680;131;2493;Walter Hernando Bermudez Vargas;Freddy Reyes;46352.20625;RIOP;
3425-011;2; TEQUENDAMA;5.43;2.76;14H1;VARIAS;CAÑA;44770;46189;5;692;128;692;Walter Hernando Bermudez Vargas;Freddy Reyes;46569.46875;RIOP;
3425-020;2; TEQUENDAMA;6.32;10.97;14H1;CC 05-430;CAÑA;45555;45939;2;509;81;736;Walter Hernando Bermudez Vargas;Freddy Reyes;46319.46875;RIOP;
3425-021;2; TEQUENDAMA;4.33;9.36;14H2;CC 09-066;CAÑA;45988;45950;1;552;128;526;Walter Hernando Bermudez Vargas;Freddy Reyes;46353.25;RIOP;
3425-022;2; TEQUENDAMA;7.26;6.28;14H1;CC 12-2120;CAÑA;45337;46082;3;926;128;926;Walter Hernando Bermudez Vargas;Freddy Reyes;46462.46875;RIOP;
3425-030;2; TEQUENDAMA;19.28;6.01;23H0;CC 12-2120;CAÑA;45330;46090;3;2555;133;2555;Walter Hernando Bermudez Vargas;Freddy Reyes;46470.46875;RIOP;
3426-010;2; MEDIA LUNA;13.48;6.83;14H1;CC 09-066;CAÑA;46065;45973;1;1760;131;1760;Walter Hernando Bermudez Vargas;Freddy Reyes;46430.25;RIOP;
3426-020;2; MEDIA LUNA;10.26;7.95;14H1;CC 09-066;CAÑA;46031;45980;1;1291;126;1291;Walter Hernando Bermudez Vargas;Freddy Reyes;46411.46875;RIOP;
3426-021;2; MEDIA LUNA;5.29;10.32;23H0;CC 93-3826;CAÑA;39310;45959;19;701;133;658;Walter Hernando Bermudez Vargas;Freddy Reyes;46324.25;RIOP;
3426-022;2; MEDIA LUNA;9.51;8.25;14H1;CC 05-430;CAÑA;45275;46022;3;1213;128;1107;Walter Hernando Bermudez Vargas;Freddy Reyes;46384.20625;RIOP;
3426-030;2; MEDIA LUNA;5.8;8.25;14H2;CC 09-066;CAÑA;46022;45971;1;769;133;791;Walter Hernando Bermudez Vargas;Freddy Reyes;46387.25;RIOP;
3426-031;2; MEDIA LUNA;10.55;12.09;5H3;VARIAS;CAÑA;44823;45905;4;1292;122;1302;Walter Hernando Bermudez Vargas;Freddy Reyes;46270.25;RIOP;
3426-110;2; MEDIA LUNA;6.16;0.49;5H3;CC 05-430;CAÑA;45147;46258;4;848;138;748;Walter Hernando Bermudez Vargas;Freddy Reyes;46638.46875;RIOP;
3426-111;2; MEDIA LUNA;4.36;0.49;5H3;CC 05-430;CAÑA;45129;46258;4;578;133;584;Walter Hernando Bermudez Vargas;Freddy Reyes;46638.46875;RIOP;
3426-112;2; MEDIA LUNA;5.17;11.86;5H3;CC 85-92;CAÑA;45147;45912;3;711;138;719;Walter Hernando Bermudez Vargas;Freddy Reyes;46277.25;RIOP;
3426-120;2; MEDIA LUNA;7.42;8.77;5H3;CC 11-595;CAÑA;44846;46006;4;871;117;752;Walter Hernando Bermudez Vargas;Freddy Reyes;46371.25;RIOP;
